p_114,0.974425147357273,0.8128603270143251,0.6918895249080015,0.8729830093420806,0.27317072726551667,0.7773357442369292,0.8107090041009299,0.8803865827854539,0.8412165809706499,0.8197506392372631,0.7537918122713655,0.740595608383246,0.7116532553551693,0.8932502920581897,0.8287204163370233,0.7828270128475344,0.7250332865345096,0.6072931233710159,0.8283658779516343,0.49999994791667207,0.4215747029040626,0.8095443243313222,0.6788207403413509,0.8840180783348565,0.4553794791044247,0.8036704964626322,0.8289050172975068,0.8859155758179412,0.8445574762517218,0.7576417305951043,0.7817685343798183,0.8330937829382916,0.8101037419708982,0.707224330118984,0.8304941168654173,0.1707316864961358,0.4490216248763047,0.0,0.006830601046239064,0.0,0.6235293995386393,0.0,0.0,0.0,0.0,0.0
p_0,0.9741190576314602,0.8078703302836822,0.6801978985288603,0.8490817595591236,0.34657836262054786,0.7667502685377402,0.8175350613160383,0.8466213427860417,0.814488361362776,0.7932016889741609,0.7827148418390751,0.8269924997861913,0.7253731325239474,0.8925145990280455,0.818635310156213,0.7980433244862722,0.7047146377004089,0.6938775451200889,0.8259954386721668,0.29999995000000834,0.25884382865535954,0.8064667187555338,0.6667862475986575,0.8068614987950999,0.44865403341322,0.718873319142968,0.8211714256145298,0.8779756945352779,0.7810847548253743,0.7525437517780386,0.745996549036717,0.8051150888276939,0.7977876088544522,0.6582809178317197,0.8222560150082691,0.4102563576594413,0.26892109284282534,0.0,0.0033030552989012775,0.0,0.45913042679773175,0.0,0.0,0.0,0.0,0.0
p_1,0.9726291411541761,0.7998272785073509,0.6742416299138264,0.8136301242384495,0.18246869083240266,0.7901644002486936,0.821639774188071,0.8551807711294785,0.8190936545992826,0.768621627675805,0.6841263480925104,0.6514935957729084,0.8213751853113319,0.9036847439786453,0.7990845801477214,0.74418604463047,0.5965909062661415,0.5697674371281775,0.8249869125589017,0.0,0.23858920914326548,0.8075742451526546,0.6808159591925846,0.7550955911241147,0.11728394880734648,0.7912515186412511,0.8584322140331715,0.8879619847476442,0.7313397683878741,0.7547677049863332,0.6832039373542815,0.7889992634391103,0.8023952077328531,0.5691382727512474,0.8136972361301091,0.040816318200751385,0.2688727997014188,0.0,0.0017050298234865318,0.0,0.32203388920808224,0.0,0.0,0.0,0.0,0.0
p_2,0.9745230134462993,0.8209503352678528,0.6971342451118314,0.8613103773977473,0.5301204761213529,0.8110442955277817,0.8534336084598293,0.876933103705082,0.837530358126639,0.7762355407189953,0.7550744228550083,0.7911338414700176,0.8276861735320056,0.8998810318797157,0.8270835525223582,0.7969409261684047,0.704055216979917,0.6070287491451378,0.8660264325700995,0.4799999360000085,0.35969867834558683,0.8060730739922237,0.6782802429568645,0.8350013162792986,0.5637707896139483,0.8383835463651799,0.8717442954567917,0.8890769504388099,0.8162217648662452,0.7159490326055041,0.733278280392848,0.8162872706890165,0.8188084667188368,0.6414762685283281,0.84916092652133,0.0,0.2719854916411107,0.0,0.005037783311866709,0.0,0.4308389924979821,0.0,0.0,0.0,0.0,0.0
p_3,0.9699328815377376,0.8040790969668882,0.6524059097571464,0.8288746402670382,0.377985458172529,0.7465433913119262,0.7367209032350032,0.8503978775329455,0.7952744549844771,0.7809644433357782,0.7526074243792086,0.7635738805375467,0.7082457353229485,0.8929255290081033,0.7947913688862358,0.7830238706020587,0.7051851825733881,0.6443381128840661,0.8387637148515255,0.16326527280300554,0.2979053506756761,0.7949054802852851,0.6467594565070249,0.8663722600317418,0.30619683710574924,0.7879973905467378,0.8289636952575109,0.8577114422840436,0.7879334784221562,0.6978910362935932,0.7007486616026767,0.7884083809287487,0.7407407388870352,0.5803814674360935,0.8222087895499449,0.0,0.3456790103134685,0.0,0.009794319198880321,0.0,0.07741935234131123,0.0,0.0,0.0,0.0,0.0
p_4,0.9731257466446727,0.8107258507255284,0.6731766806416092,0.8772905923951583,0.4624697280572672,0.796608093798871,0.8480299681420775,0.8393238137538576,0.8376623368124367,0.8136794535184908,0.8001697055575526,0.773980151510547,0.81501533872042,0.8994347870855222,0.8333333323794262,0.8235991674367057,0.6949524480799105,0.5873754113795654,0.8259552420346378,0.3692307124260442,0.369632853953747,0.8154308376257073,0.6845903578716265,0.8651874203967257,0.5967153230226704,0.8228017790436896,0.8487622783852562,0.8592289391784784,0.8384225226804446,0.797444088728942,0.8066371663569974,0.830325636827981,0.8039757018112211,0.6446837103318728,0.8417703202759904,0.11764703575548317,0.5086249358865208,0.0,0.012455515903420677,0.0,0.5480943639184326,0.0,0.0,0.0,0.0,0.0
p_5,0.9718803723596845,0.8049176201056458,0.6683307753190714,0.8951967404054902,0.30826140187100615,0.7760219742200608,0.8239101108935172,0.8699321429720408,0.8303775423453623,0.7918818512350441,0.7328918304319553,0.825832695586492,0.7660606042034895,0.8848883211812839,0.7999602298668123,0.7647582297100023,0.6204268269038611,0.6271050470961905,0.8383378820762938,0.2711863947141704,0.3562499977734375,0.8058112464770789,0.6688329927856944,0.9029418575101511,0.46381092372509714,0.7784616394765291,0.8352823899872581,0.865212901132714,0.8408043560527814,0.8276481141583051,0.7744125306151108,0.8288096153268616,0.8141328668471438,0.6520719260979522,0.838430778300626,0.2903225338189461,0.45392311503989935,0.0,0.003968253942008903,0.0,0.5519848666921575,0.0,0.0,0.0,0.0,0.0
p_6,0.9671805606216408,0.7966688072743079,0.6205472592157721,0.9026947572506872,0.4682080879748739,0.7208650749714346,0.8206745090622631,0.8320682581682818,0.7831896018666469,0.7386489471332791,0.7883622693844152,0.8160377337105928,0.7915016190286251,0.8658337858291084,0.8168057968839503,0.7608751589166662,0.6893939361297635,0.5902004388619105,0.8205780759674804,0.2985074181332212,0.3931972762367532,0.7850220219218197,0.6018087010568635,0.8845222400035185,0.3326271151204755,0.7555632221701956,0.8452348647139086,0.8559746119516816,0.7955825501981418,0.7188334809451987,0.7550571663257318,0.8131906986003088,0.7931456528931563,0.658634531539814,0.8028233561253797,0.0333333277777787,0.4077294666293262,0.0,0.006038647306529908,0.0,0.13114753740034052,0.0,0.0,0.0,0.0,0.0
p_7,0.9759541278155592,0.8149952957830119,0.7025325676531444,0.8301958724537979,0.4440039599206743,0.8092244508579294,0.8482967196750776,0.8823465855216365,0.8270541329213654,0.7730204220951089,0.7383177552843043,0.7838150258812523,0.8064155150943388,0.877816325541768,0.8213098721199317,0.7714958752311664,0.7017834894160784,0.5677966053576559,0.8358583413723263,0.3214285140306225,0.366402113978822,0.8163263278212907,0.6993289559026126,0.8740684407322934,0.3459715598818536,0.827436002390254,0.8590544642150901,0.8909315094210675,0.8263363147208806,0.76535288655788,0.7391304329772095,0.8296621141934993,0.8157760793491703,0.6476484144360184,0.8398976973504884,0.22950815909702307,0.479709264205274,0.0,0.010266940346335315,0.0,0.49749581807185617,0.0,0.0,0.0,0.0,0.0
p_8,0.973676565892248,0.8205343689236703,0.6927266557223472,0.8317283823926693,0.557315931432284,0.806502608208225,0.8488363756672618,0.8555293596932236,0.8325093442270477,0.7914355223441017,0.7841430969684722,0.7695086677402143,0.7662284289929573,0.8887050820901194,0.8235556041149331,0.812282732293503,0.6711359379101082,0.6209495054939751,0.852085043478342,0.393939334251616,0.3501280926547558,0.8118180472205885,0.6886748345285553,0.7651742138813679,0.5676625609168492,0.8298837536632027,0.8648641778640278,0.8885084523386966,0.8145766334209853,0.7802762924470341,0.7721179605846504,0.8339877168690348,0.8362855586787826,0.6931297657012995,0.8420657973174002,0.0,0.3066776561691867,0.0,0.0,0.0,0.530821908718803,0.0,0.0,0.0,0.0,0.0
p_9,0.9702244847464745,0.8227191971773926,0.6588339492667995,0.8932582709189776,0.3086816670629957,0.8128596216358085,0.8501324312964204,0.8790024811579187,0.8386160164062231,0.8193542795643086,0.743008146348804,0.7030468362753668,0.7864864847151206,0.9047257085031747,0.8006403142462255,0.7998597939016481,0.5619136934244198,0.6618181770049587,0.8261437900189605,0.5740740209190721,0.3747609918753283,0.8150645872237635,0.6533737677731148,0.8874581670478221,0.4585365797739442,0.8291972535949126,0.8349286859120405,0.8766449385828036,0.8164278451806072,0.7906413117164045,0.7790296601999779,0.8132915059680591,0.8060368898657437,0.6396327418543785,0.8215598194961619,0.058823512110731724,0.3715239133953064,0.0,0.007911392342473162,0.0,0.49699397801615275,0.0,0.0,0.0,0.0,0.0
p_10,0.9696540491174159,0.8199984580631313,0.6407120941119507,0.8110852106650686,0.24573378560029824,0.809042937666664,0.8405310524771475,0.8692925509575902,0.8221024247680561,0.78213136401464,0.776227139614468,0.7633528235346868,0.8197452216246095,0.8981188301701486,0.7738419609742939,0.8049411065643748,0.7062733664051791,0.5730337024996844,0.8395241114889437,0.0,0.37573964219127487,0.8249474368277389,0.6534230959658522,0.8271906267835059,0.4285714241982508,0.8377221149545808,0.8682360536788202,0.8908459136767038,0.8270819216965716,0.7862723206972914,0.7411714023661253,0.7972650981070495,0.7941840040256104,0.651418109319139,0.8215107354088279,0.4666666148148206,0.39285714025888135,0.0,0.003619909469503082,0.0,0.44339621595763645,0.0,0.0,0.0,0.0,0.0
p_11,0.9683452943470638,0.8054543232874931,0.6723598274062463,0.8848060656217213,0.5783521762653298,0.80883984687189,0.8300172642550862,0.8844401816803883,0.8267865584160121,0.7116542360394876,0.7231583997998113,0.7872088401610389,0.7493823751046325,0.8785344808164759,0.8389408711537519,0.7894877962201989,0.7075785556096911,0.5224913449611476,0.8485804407480753,0.0,0.4466119073582551,0.7936503444041357,0.6531368584237718,0.8887843724676937,0.6738399416688639,0.8137672513839608,0.8500029201575457,0.8816971390191137,0.8240825678622906,0.7271515606177156,0.7674535390068972,0.8424135902729804,0.8256753617509228,0.6507692257633136,0.8541948922832778,0.18181814049587713,0.5147902847029127,0.0,0.00781249994913737,0.0,0.4927007209361183,0.0,0.0,0.0,0.0,0.0
p_12,0.969363832770458,0.8097715349329875,0.6447723770988001,0.859623198795854,0.42819148366766646,0.8087873381028228,0.8245833469221976,0.8767998202270156,0.8183216939065905,0.7646933097192848,0.7827426793248016,0.721033505365226,0.7668982927629011,0.9014434125675824,0.8208208199991783,0.7730746596911385,0.7191666636701388,0.4904013918813142,0.8118309851532104,0.0,0.4211221094315372,0.804006666817672,0.6302795140767015,0.8361870683178191,0.3479349142936807,0.8142246851831832,0.8449696904681373,0.8677509090157549,0.8331719900686544,0.7813992103161728,0.765432096982455,0.820727201224259,0.8289036521901891,0.6469673355601296,0.8419019582066569,0.0,0.3941908686432167,0.0,0.009592326106227043,0.0,0.5476673316903179,0.0,0.0,0.0,0.0,0.0
p_13,0.977985998026861,0.8368841344799938,0.7010000652715751,0.8366668478736352,0.4015543989435959,0.7957386505400732,0.8427742819388495,0.8768712764170571,0.8380029968430728,0.7967184958535548,0.7434507661620353,0.708927624358544,0.7156632767379116,0.8882087266454762,0.8243554801673072,0.8204833117937764,0.7115948065651116,0.5444172734766318,0.8417003261764759,0.40506323986541265,0.298611107654964,0.8363604018514164,0.6983499927549027,0.798021200849455,0.6456582587839058,0.8053268270800734,0.8543333265591759,0.8919343476020073,0.8477375818916627,0.7713928185856264,0.7709840000635898,0.826033564443273,0.8238238217622026,0.616226065485633,0.8433758014720033,0.032258059313216236,0.3513043447712666,0.0,0.0041493775503176605,0.0,0.5098039115724724,0.0,0.0,0.0,0.0,0.0
p_14,0.9770650092184814,0.8215040505642361,0.6972983715447145,0.810170393496958,0.5090562391891684,0.7869766954832967,0.8497058231387845,0.8745438930701095,0.8207705182054239,0.7855184792650359,0.7579237465366934,0.735105404513724,0.6448598112007599,0.9108889756837378,0.8146230314678717,0.7965692822391602,0.7267939409914617,0.5930138050933078,0.843322411983694,0.6133332515555664,0.28537455070898277,0.8144358691054803,0.6943730164838825,0.7658453689330116,0.5226993800895782,0.8234791430797737,0.8661007895551216,0.8747949694506315,0.7953155487373903,0.7657892192018232,0.7570859668374655,0.8221053667803301,0.847466257072915,0.6253968204333585,0.8433432942800123,0.2499999479166775,0.241935481432102,0.0,0.0,0.0,0.48496239689920306,0.0,0.0,0.0,0.0,0.0
p_15,0.9627628652407895,0.7964302784307508,0.5958631542223992,0.9096936317944464,0.6016504080896443,0.8084513737530312,0.8269775406099675,0.8775201607374495,0.8135220112994938,0.7983260255098386,0.7453836131459464,0.8323908599131625,0.8501011111601351,0.8992378367367886,0.8376560990098665,0.8203076897836686,0.7216699765324553,0.5606060545388956,0.844944287363382,0.6199999380000062,0.45695363986228676,0.7739165355782284,0.5900538856371106,0.9105878763454099,0.6034602034362616,0.8224523697209528,0.8227513824005755,0.8691127412480902,0.8076712317703134,0.7973590647055774,0.7635518823862883,0.8198667213454116,0.8172042987628627,0.5638766457722837,0.8457934397577985,0.20408159100375692,0.44471445749406857,0.0,0.00725163156452769,0.0,0.6116700078134808,0.0,0.0,0.0,0.0,0.0
p_16,0.9720354453194434,0.7900471962272219,0.6547667447982208,0.8788129741619003,0.5541059051872148,0.8124083767506783,0.848142621375588,0.8340749409636564,0.8067017435520607,0.7180558602176645,0.7042998881933851,0.8070643092067167,0.7587842191015646,0.9094297426778217,0.8261085201605907,0.8097873556370889,0.7137864049950042,0.6067864210899558,0.8011564999056552,0.3142856693877615,0.3641334042420262,0.7917579596757447,0.6530412028990393,0.8610333733507233,0.4071353577425461,0.8073882598922407,0.8682896666380555,0.8399974807379904,0.6992107560666315,0.7149936605797008,0.7124832195638034,0.8262119551638625,0.8220620819787636,0.7002749706665906,0.8121771210219768,0.035087713142506465,0.3952650520058412,0.0,0.009677419198751303,0.0,0.4456140272699294,0.0,0.0,0.0,0.0,0.0
p_17,0.9708100430994538,0.8045959392614852,0.6488379338546187,0.762694523309087,0.5566870294861709,0.8068812974178222,0.8521394456798391,0.8221776212633328,0.7873164993689765,0.7605497944212284,0.701624814066424,0.7944250843399823,0.7981484529704935,0.9209797590500772,0.812071574101245,0.7898004417077596,0.7132656869099372,0.6588541623772516,0.7794182778831993,0.12698410682791955,0.32306255534021894,0.8038191460111312,0.6565766353178787,0.7819301342547521,0.33452807246680916,0.7984411097060882,0.8623763367388313,0.8205601719397968,0.7515996335105123,0.6897384994478826,0.6301158288993903,0.8226623668146823,0.7963085018758328,0.6377156416554691,0.7946312813279712,0.07547168387326719,0.3691119662616837,0.0,0.008938547386161483,0.0,0.5164473599268526,0.0,0.0,0.0,0.0,0.0
p_18,0.9736211104264516,0.8209451984084079,0.6755039963894401,0.6443551200241566,0.3081632621615994,0.8247241418622758,0.8373254896956397,0.858475467164262,0.7340676622946923,0.7904879766703607,0.7767658353030443,0.707495426382562,0.7961736551479675,0.8990517300794261,0.8001157064891373,0.8147566697677743,0.6793306165566231,0.6008902032574911,0.837540233070015,0.3714285183673545,0.23160433978764366,0.8296672989611085,0.6868477269333728,0.7384799514931351,0.4920071004262247,0.8410771170159652,0.8600626530268957,0.8972050169691329,0.7724120205851375,0.7542201209029202,0.7588325638271265,0.8136265313503727,0.8035919852553719,0.6392358512914339,0.8423457723260169,0.16666664351852173,0.2915392426958283,0.0,0.0,0.0,0.43672455491998624,0.0,0.0,0.0,0.0,0.0
p_19,0.9712475419379676,0.7892896586339228,0.6531657408364533,0.8241276292988448,0.34146341101311334,0.7677369082000884,0.7970621340181016,0.8325164370397391,0.7782632430662708,0.7103209012247171,0.7280460327044131,0.785964909216511,0.7222946526146162,0.8961631662164452,0.7862948854961469,0.7888493452287979,0.7200947464662663,0.542155810649351,0.8195160642408608,0.0,0.19910514318674338,0.7889226794280196,0.6470999775554219,0.8229159697687572,0.3094233430460852,0.7855580331771141,0.823609204875075,0.8735632178509682,0.8012078500236439,0.7260433167183906,0.7278180436695375,0.7951858549417554,0.7568345301961595,0.6199505307506139,0.8206686921776406,0.0,0.3403908767069147,0.0,0.018237081789710004,0.0,0.31399316334494326,0.0,0.0,0.0,0.0,0.0
p_20,0.9669276715330568,0.8001241867934282,0.6274700091947327,0.7311152358052868,0.11884057798781772,0.7801484455380181,0.8140945520732907,0.8338546783296744,0.6891061442889579,0.7384098367536777,0.7169675077311056,0.6846774165940426,0.7271062254416066,0.8857073288068001,0.7641277634056627,0.7647831775138528,0.6279620828279538,0.6028368740883256,0.8238490794007848,0.32258061047520314,0.1196105685728711,0.7971227112884348,0.615834922285643,0.7448892997416576,0.6033312732675431,0.7503025836051406,0.8054764065088277,0.8742768018945128,0.6924181121069841,0.7316922118503699,0.7143939380409206,0.7832618018747659,0.7762579365504202,0.6309523767794155,0.8247280520723701,0.12499998046875305,0.32676877952758004,0.0,0.0009398496196435638,0.0,0.20873785901121703,0.0,0.0,0.0,0.0,0.0
p_21,0.973839897463405,0.8177024057168542,0.6619083804474855,0.8787021681853434,0.549436792556716,0.8119664536708057,0.8179035959623867,0.888975914975046,0.8487343065973099,0.7677804892115306,0.7628907820485368,0.7537580502728773,0.7423085299098657,0.8872785827819245,0.8311322408600702,0.8185217117672656,0.7036896131468633,0.6496240552659845,0.8528651627726004,0.23333329444445092,0.42669172731817795,0.8187844594022227,0.6750202311093935,0.8683001528069295,0.6452905768517664,0.7933807845431609,0.8373651127538885,0.8796585462837505,0.834115137703502,0.770573138776242,0.7920677689794614,0.8463644133050775,0.8112705985877974,0.7109207658035634,0.8454577707190758,0.16438353912554257,0.48331830260000763,0.0,0.007604562701499226,0.0,0.6770427927750611,0.0,0.0,0.0,0.0,0.0
p_22,0.969825910014873,0.7769098379151343,0.6639105275341532,0.6815711627697798,0.23717217517477565,0.7826210487077966,0.814156781793827,0.7920397083118988,0.7050429305780107,0.6124831606533604,0.5245316669836493,0.5747682362967825,0.6493727394229796,0.8574262247951304,0.7789649718675417,0.7528957510789196,0.5152390102173916,0.6150819631797905,0.77670730601355,0.0,0.1021671810810034,0.800606563959789,0.6757192174824828,0.6191909055339427,0.2574850273704089,0.7722268364160978,0.7839530332133106,0.8615290453095685,0.7151240321217338,0.6306691609813159,0.6859135813099911,0.7744747617692662,0.7592421424231929,0.5852231120320182,0.7791656038922886,0.4363635966942185,0.13986013846293568,0.0,0.0,0.0,0.460980027931397,0.0,0.0,0.0,0.0,0.0
p_23,0.9722521052599404,0.8093790916663023,0.6632738075165749,0.8583899122898206,0.44550897670049133,0.7890282129894697,0.8259542427958696,0.8408914624122802,0.8397570651252546,0.818522166681259,0.770154768375711,0.7175141209156585,0.8046173561252301,0.879765838753703,0.8112949101134813,0.8112259946492585,0.6422613501285386,0.589356627566667,0.8424695969668199,0.6666665811965922,0.32597265692983535,0.808475594105434,0.6513122883307434,0.863483381960726,0.5909464971938561,0.7505112472610499,0.8229370704130278,0.8804699934769286,0.8448033697977488,0.7751623368758499,0.7520139326104639,0.8229380377278026,0.8314491242768521,0.6158631367351234,0.8488546743814733,0.3966941820913899,0.44714828557301683,0.0,0.008976660601645776,0.0,0.5096660718863608,0.0,0.0,0.0,0.0,0.0
p_24,0.965278814899742,0.7993466665396408,0.6078342748298589,0.8734033823392042,0.4957081491876808,0.7819343318040743,0.8227741010559615,0.8673191273121165,0.8007758370729069,0.7871005109712267,0.7475187587811214,0.7945466049633906,0.7599909668999979,0.8866795438233004,0.8360078269706381,0.8081149596840942,0.763888886924154,0.5439503563190242,0.8243283722916924,0.3582089017598654,0.42483659932382534,0.7921080176417528,0.6121019771615603,0.868173257614486,0.4646878151004318,0.8286997619620409,0.8394128600586447,0.8572680600618079,0.8069091408413016,0.7727998289105036,0.7676338741032463,0.8486963256288685,0.8006644496105635,0.6717557187809569,0.815903913009004,0.19047614512472733,0.5183693984983926,0.0,0.0028129394822371382,0.0,0.5597749569651905,0.0,0.0,0.0,0.0,0.0
p_25,0.9684159068636797,0.8050853955599455,0.6270388562470761,0.8737096263170698,0.38649592099539093,0.7762633144590178,0.8169652018869672,0.8427596154505413,0.8275117992885883,0.706908114568625,0.6805524095980249,0.8002899572298298,0.7813180273474807,0.9012223106881037,0.8368981596365653,0.8169219527913398,0.7090909061607813,0.5857418055323526,0.8203028275209001,0.1428571173469433,0.3053557129867649,0.806478300437804,0.6354892687252811,0.8607694317103859,0.5422222174024692,0.7941155464795363,0.8033412887264256,0.8618932033605017,0.8111695456909973,0.6975707591959319,0.6827540387807084,0.8154405078878832,0.8399894185665447,0.6752577261575797,0.8098968276558113,0.0,0.34086743835755995,0.0,0.016282225016523405,0.0,0.5083333227430558,0.0,0.0,0.0,0.0,0.0
p_26,0.9742668338859931,0.8093484602600173,0.6838634426354265,0.6444062520301119,0.2137767195513454,0.7591036412878254,0.7949932291955354,0.8585626498217672,0.6661047553689287,0.7084656078408592,0.7066640595922141,0.5529780529593853,0.6510769210736095,0.8874599075510505,0.7524499352871219,0.7350597585157378,0.59213884332752,0.517506400362883,0.7580684293795451,0.10909088925620194,0.12499999799679491,0.8049216743077003,0.6700831836851234,0.7390262042332594,0.5042492870231418,0.7209390889757971,0.7939007692985537,0.8843905124741365,0.707825876392348,0.7124276077922457,0.7187869225703291,0.7934292454440314,0.8262108235954073,0.5907019089270564,0.7810540579723317,0.0,0.20986358646522996,0.0,0.0,0.0,0.20434782164461257,0.0,0.0,0.0,0.0,0.0
p_27,0.9614458326157123,0.7753104642086688,0.5664678699227224,0.8966942968380753,0.5857988131017822,0.8018070193438529,0.8199238155338033,0.8250013774871844,0.7931692821455566,0.7760116841859166,0.766021503728986,0.8291946294812171,0.7827560226228238,0.911292526145769,0.8246805103587456,0.778573862918547,0.6997464661363764,0.5639589116343706,0.8236677817572896,0.43037969235700096,0.48913506395766904,0.7696941588322609,0.5745604524794347,0.8923650372969039,0.6398122775134443,0.7646046067547481,0.7969358733385739,0.8584962948751996,0.7688725007094193,0.8136739955366563,0.7516099338739423,0.811224489056829,0.8184326688233093,0.6985172924339598,0.8361679964975981,0.22950815909702307,0.4737332904142577,0.0,0.017033773811941925,0.0,0.6071428493986881,0.0,0.0,0.0,0.0,0.0
p_28,0.9752288105805668,0.7949099305455966,0.6903857138852343,0.7410205514174911,0.3673965892044211,0.7812817902526007,0.7903553914881366,0.8197316933017833,0.6337848782751131,0.672517086598163,0.6584568007341605,0.609649119464643,0.680576861980433,0.8905558613497624,0.7879014182338486,0.7686127456652042,0.6111354642212385,0.5654761862687784,0.8029858697209759,0.10256407626562146,0.2652173893824827,0.7995771962904158,0.6806474419621728,0.7587282213011131,0.25755166522175416,0.7362621142479799,0.7962091300672881,0.8782051277511347,0.6530838216663893,0.6890384118141228,0.7176581667277466,0.8031856637101188,0.7935548821914529,0.5676004837539557,0.828181163885531,0.12499997395833876,0.37017658358288696,0.0,0.0,0.0,0.0,0.0,0.0,0.0,0.0,0.0
p_29,0.9688839589294738,0.8091352762272038,0.6335279504124997,0.7554107848314073,0.28776978003208953,0.8179291172532014,0.8447227382122183,0.8582652081652695,0.8053263847078791,0.7254944569381716,0.5980413479912049,0.7697620845365998,0.7650424131681941,0.8909239523960214,0.7949003331023977,0.7935316176912167,0.6985759466037343,0.5837231002458082,0.8450630701652344,0.17241376337693734,0.08121827308098639,0.8082953430764912,0.623139177010933,0.8156521733674568,0.36433120554992093,0.8440940809397534,0.8626331943080413,0.8727701105841075,0.7920742402908525,0.7628928275957969,0.7481308393735261,0.8054395329718897,0.8312264341733724,0.597495522383761,0.8419474326671834,0.3428571102040847,0.1993517001673282,0.0,0.012759170450411954,0.0,0.36595743902218214,0.0,0.0,0.0,0.0,0.0
p_30,0.9737937283684932,0.8190287394259256,0.6807658171573362,0.7556972322601077,0.2962085272961075,0.8354997320394577,0.8666654786210557,0.852342108703003,0.8153172857600468,0.7767505557466611,0.7523253282450242,0.6861679871033515,0.7574347546885803,0.9127544846207181,0.7808245438343006,0.7924528278883807,0.6918441113224423,0.6408839728422733,0.8324171240776136,0.3809523356009124,0.2878228755735897,0.8147046703276665,0.664738605086363,0.765031982398698,0.4101995519933531,0.8396499997900875,0.858226338736334,0.8872499597351038,0.8105865192210536,0.7885393437465615,0.7537069117009303,0.8067583779828655,0.8095361471636793,0.6803986665754241,0.8350770698545826,0.2985074181332212,0.3230879176333959,0.0,0.0017406440231449607,0.0,0.5499058276853893,0.0,0.0,0.0,0.0,0.0
p_31,0.9733877125342445,0.8124580676361018,0.6654825569563948,0.8910091501217854,0.5222816352737822,0.8271405490344044,0.833989358238734,0.8646227233320014,0.8314723437659409,0.7612356640549275,0.7649857260585498,0.8224536428182534,0.718677342498896,0.9003469225021848,0.8198063284218765,0.8077040635655638,0.755567926627038,0.5594013044022329,0.8366555916974385,0.49142854334694036,0.47187140946112854,0.8098690955168842,0.6499321640782139,0.8924907819908404,0.6226708026190155,0.8338863600546508,0.8336826336922467,0.8497223125069573,0.8255786198692692,0.7399613477131616,0.7618574602387448,0.8283762049554098,0.8106165307973001,0.6870078672538595,0.842358603311711,0.2553190946129586,0.537226274758023,0.0,0.007662835175643342,0.0,0.5008129999867805,0.0,0.0,0.0,0.0,0.0
p_32,0.9747713022907147,0.8062969383550956,0.6534779623023013,0.8026033187096627,0.21254355030411934,0.8198556332200397,0.8434928162270041,0.8815907054950901,0.8151824023401524,0.7478516026536873,0.7442303099114197,0.7016806685836099,0.7003800037989476,0.9010768350687881,0.8154275882945556,0.7757862672445509,0.7009919664572887,0.5381818132892563,0.8384469689029859,0.032786879871003295,0.23497997016048106,0.808945282513524,0.6639397535127397,0.8242749565166071,0.36582694013333034,0.7620487722315868,0.8417998392374343,0.8614974496630172,0.8400948355636264,0.7315640627239895,0.7594307640401383,0.8091484177039918,0.8154238706679221,0.5829145670058837,0.8373557179840163,0.3043477599244,0.3038229345691858,0.0,0.011235954929933092,0.0,0.44106463039801086,0.0,0.0,0.0,0.0,0.0
p_33,0.971579167210761,0.8161578492689039,0.6436161246667939,0.9092478367873086,0.4012066304493721,0.7855107435151308,0.8216747707751297,0.8918257459056377,0.8195838423260908,0.8034569811580337,0.7441966300769308,0.8170984434790195,0.7337125110296987,0.8925187611461826,0.8157833284896295,0.7699836842741151,0.7137628085147774,0.6808080739312315,0.8467411537739841,0.6666665811965922,0.4293059098373656,0.8147206730563806,0.6474424349546835,0.9028896794582519,0.43693107364198863,0.8287571890900831,0.8510884915098266,0.8937555861998752,0.820777940890229,0.7915837353885095,0.7734428456001761,0.823736262831059,0.821250364481214,0.7080419518527802,0.8490017800646718,0.04999998750000312,0.43365695512196145,0.0,0.012456747318638427,0.0,0.60434055752353,0.0,0.0,0.0,0.0,0.0
p_34,0.9684431033106762,0.809081880961982,0.6637636842028473,0.8542925386910593,0.5426229463719431,0.8395020836191377,0.8532193524363912,0.8806456780797233,0.8327836073635346,0.7537831278707607,0.74559932785918,0.7579298799752509,0.8120805355502004,0.9086849585883784,0.8334449432378791,0.8053375175161237,0.6936790895718027,0.6267206426986183,0.8484792618908026,0.25352109105336745,0.3815181492969099,0.8123138492198051,0.6546045742848123,0.8671491106641879,0.4116379265987293,0.8399379735699695,0.8538234965557487,0.8801894059684015,0.8447095630307945,0.7380199874109337,0.7532576697073189,0.8240382837989708,0.827876104363106,0.7197183047907162,0.8562762058557621,0.042553182435493095,0.32888263999379735,0.0,0.006570302190733889,0.0,0.6133333216507939,0.0,0.0,0.0,0.0,0.0
p_35,0.9650629165408598,0.7820457681936316,0.6169410562276254,0.8550991045176235,0.47603833485592384,0.7663276896654582,0.8302966986467268,0.832313217243,0.8044723196012104,0.6903030296057545,0.763454315986347,0.7520572423897772,0.8093916738326752,0.8975687949242909,0.81633037826105,0.8173913022573112,0.680272106407905,0.5154639122117123,0.8149543263819999,0.35294112456748167,0.35795795580806034,0.7885832138861661,0.6072075413653062,0.840732572230927,0.5948275830020066,0.779807665597584,0.8258549335094578,0.861334897902505,0.8322547232303201,0.7364789439508078,0.7849907900898002,0.8132555576859789,0.7954094001425527,0.6394671054165937,0.810999082666362,0.32142854272959437,0.3686366274509267,0.0,0.0,0.0,0.4031936047266746,0.0,0.0,0.0,0.0,0.0
p_36,0.9657484092605855,0.8051560224263586,0.6563166687349332,0.7508323702175496,0.3075291589869654,0.787198148940281,0.845562500715602,0.8538661080171729,0.7585861108566231,0.7601286166650174,0.7456263809659635,0.6947549411231515,0.7332313726606263,0.9010565586304404,0.7763101089732279,0.7675056048654233,0.6142351529129565,0.513274332153867,0.8049579039562225,0.18181814876033658,0.10714285567111462,0.8071262028917651,0.6541355657915134,0.7717984510903678,0.4472727232066116,0.7902140395691715,0.8421480586374256,0.8713704989975947,0.7436909451696078,0.7551910654727002,0.7402545729111882,0.801748562453049,0.8058720403026468,0.5620641522868609,0.8005259487968707,0.0,0.21595487336055702,0.0,0.0,0.0,0.0,0.0,0.0,0.0,0.0,0.0
p_37,0.965563617813567,0.7803975223653997,0.5932680055731863,0.8901932133687197,0.5549450498631405,0.7945282136500768,0.8431766667491215,0.7995693999868335,0.7839498094576529,0.810250025095705,0.7432286003704534,0.8103559853066754,0.776867242386169,0.8935758435741501,0.811796487154664,0.8128140677989507,0.6445714267297958,0.5156249942452568,0.8135098500849476,0.6016259673474823,0.4976580767116038,0.7694794280872744,0.5887778607947799,0.886532661267767,0.49070631514213464,0.7989779893010996,0.839098823851247,0.8148957971883186,0.7875108403078791,0.784693749801598,0.7584756878883687,0.7774508640962094,0.796866254065847,0.6293018620520958,0.811414665621707,0.038461531065090176,0.3953112352655164,0.0,0.010272213609284984,0.0,0.585858575995647,0.0,0.0,0.0,0.0,0.0
p_38,0.9708497247922871,0.8002210832956452,0.674901768710208,0.8178035436865202,0.3129689141160888,0.7343315506450627,0.7980234557749478,0.8115972584018992,0.7614224129726052,0.7133810851101618,0.6039467631850695,0.7785888063286753,0.6105550486566083,0.8778068552462699,0.7834688073807964,0.7352074946848527,0.5768795463591276,0.5538461485207101,0.7926807276071023,0.3548386524453786,0.40806045134478364,0.7994492179472866,0.6634886571260857,0.7821116725694761,0.38175675353245986,0.7931048021374514,0.8066685548517842,0.8476257968062687,0.7796203351738814,0.6330905727427525,0.6600673120964813,0.781418729490394,0.789092662188483,0.4547896109687591,0.7848690945822518,0.19512190362880397,0.2978723392067416,0.0,0.007950849266531083,0.0,0.4455284480401879,0.0,0.0,0.0,0.0,0.0
p_39,0.9712553110723349,0.827190853381374,0.6824620338728589,0.7830176350208898,0.43845251537570323,0.8142417701633896,0.8535385343967413,0.8771626292835409,0.8115246089582837,0.7854807057018635,0.7525969880165424,0.7597158346856838,0.7782135059298181,0.9135933576440765,0.8116143089766977,0.7881019807702493,0.6836879400298442,0.6637681111321152,0.8497171138174354,0.34920629377677875,0.3325242678091715,0.8216968034994138,0.6759682276609331,0.7518446596102177,0.3875776349369238,0.8126668010467454,0.8542289701164131,0.8813596486396055,0.7794491517166853,0.7916632870070041,0.7484917812596386,0.8079150571352172,0.7981154280374195,0.682335097177141,0.8385961655351457,0.26923071745563126,0.23185673674027582,0.0,0.0,0.0,0.4653846064349114,0.0,0.0,0.0,0.0,0.0
p_40,0.9712168530344063,0.7991860270031398,0.6594203001958316,0.6794307885472783,0.35411470880156226,0.7275366700850542,0.7647089142099381,0.8395290895219926,0.6687750873752888,0.7153284665242032,0.6945102245543375,0.660487801656157,0.6702076275465775,0.8908254122489956,0.8061843334704157,0.7593913438911286,0.633187770160752,0.5610783440515725,0.8000317026234195,0.0,0.1246537378856823,0.7931149840002651,0.649730671656184,0.7132042247242921,0.2696078398332373,0.7947241029451386,0.8229936214550858,0.8694467152524139,0.6786885237954468,0.687499999408144,0.6280991723177899,0.7718148981508232,0.7050491187912975,0.5941302749167482,0.7899766718413901,0.0,0.2380952361404332,0.0,0.0,0.0,0.34968016311982597,0.0,0.0,0.0,0.0,0.0
p_41,0.9657145724271335,0.8072567718406286,0.6289581936001316,0.8743807037567207,0.5075690070563758,0.8119182744574579,0.8097729370452539,0.8474246836446643,0.8186337156389238,0.7806018105165042,0.7637172497189391,0.8268680009714449,0.7688010297189493,0.8910094272838565,0.8275655122748895,0.8027777755478395,0.7482400243102916,0.5683836539219924,0.8550044897165907,0.487804818560388,0.411089864191731,0.7954948574510072,0.6141365206128497,0.8965998253715198,0.5213270092765212,0.8202554742030852,0.82261286450775,0.8538944718254432,0.8285677308467231,0.7630441331426118,0.791262134001791,0.8350226847813277,0.8203427285230991,0.647861686552669,0.83375156750967,0.18181814049587713,0.519750517589395,0.0,0.006309148198641975,0.0,0.6454849390387134,0.0,0.0,0.0,0.0,0.0
p_42,0.9695539760333779,0.8227100397718589,0.6466999239033591,0.7158993528738028,0.3294797640248589,0.7875117679480135,0.8356123876625108,0.851258580782684,0.815666939447183,0.785246532371681,0.761083741967774,0.7361845231322223,0.8283672632757622,0.9062020904344595,0.8375157437869241,0.7750663109414686,0.6434526697231355,0.6796116454099205,0.8445199652180497,0.5567010022319071,0.281498294194117,0.8174629674240006,0.6554758863575594,0.7528490641558512,0.3463687102462471,0.8059851692780758,0.8485227408212708,0.890040504592542,0.8137217797783809,0.7698207259420758,0.7859277976869906,0.822865738225963,0.7961213306908967,0.7080838270353007,0.8492168325634867,0.486486442658879,0.37487537014082384,0.0,0.001724137916171225,0.0,0.5054944962363646,0.0,0.0,0.0,0.0,0.0
p_43,0.960126188648195,0.7846184464558681,0.628857449251311,0.8362582020310323,0.3855799342822889,0.7662663012417722,0.8201426526040752,0.8550853481262957,0.7879631604326803,0.8080267552523027,0.8004132214867495,0.786259539841168,0.7315738011112927,0.8867017327298877,0.7943813502731759,0.7924791067955453,0.7224174254307187,0.6612244852977927,0.8323273490379185,0.38095232048375866,0.17372577046858745,0.7846576439011618,0.6392471157797699,0.8513371478643244,0.5901461798042978,0.7711144036553235,0.7909601719257982,0.8874916638622979,0.7779061212035009,0.7632190799045833,0.7607903304032413,0.7603175733064033,0.7651529179515238,0.6789960325033287,0.8363636356786539,0.189189163623086,0.23522242391698706,0.0,0.0036347114782611925,0.0,0.5814536267988267,0.0,0.0,0.0,0.0,0.0
p_44,0.9728789927768711,0.8000280310654434,0.6834909592565687,0.7717046233459596,0.4655674057655926,0.8312081042207529,0.8318967125121649,0.8664383557147995,0.80921278697237,0.7604919718707239,0.761504203954715,0.657101861993774,0.7866831056582756,0.8827961413671463,0.8186125845160988,0.8070175416474299,0.7379151570604565,0.646017694350902,0.8360109709678576,0.09836063961300989,0.3273350443244641,0.8017039093420105,0.6698140050998531,0.7255488163273692,0.414187638281606,0.8315193040370221,0.8452794522807501,0.8788228183831204,0.760945183206255,0.7551138549255946,0.7730877442489441,0.8094206304197639,0.803534059977833,0.6670934656396065,0.8366716483939496,0.5054944499456648,0.2765624978393555,0.0,0.002713704169420568,0.0,0.5293005571020689,0.0,0.0,0.0,0.0,0.0
p_45,0.9621589253498076,0.7945827432735432,0.58953735792897,0.8803664309498831,0.435033682049724,0.8055037979631635,0.8336479908257085,0.8351432408547196,0.7662853131376544,0.7473977112775454,0.7240019696303549,0.8332841521590907,0.7337332701113677,0.9038507139775176,0.8177537312716624,0.7709720347171369,0.719917721220714,0.5856353537234313,0.8371523519003391,0.3050846940534417,0.3306010906379707,0.777233436857184,0.5845099055906161,0.8876325454269773,0.31272726893663916,0.7786483040695507,0.8167282551397195,0.8333144855629795,0.7756112650617856,0.7252453158728308,0.6599118928195774,0.8100558651136713,0.7992114874705393,0.6887052294166307,0.805267778046297,0.07843135717032212,0.32591273229780615,0.0,0.008937779274878724,0.0,0.33620688930588605,0.0,0.0,0.0,0.0,0.0
p_46,0.9605673249493921,0.8029169006739317,0.5659731540588456,0.8884296600474568,0.49409627162492037,0.7693419378642657,0.7981384025490897,0.8165452649237538,0.7759320773029014,0.7869542337854243,0.7484337331363043,0.7845234325746353,0.725770095853318,0.9009416051141047,0.8070885092872113,0.7938264391560091,0.688560883068041,0.6396989591749863,0.8412418408526708,0.15686271434064425,0.39838129317274595,0.8106696632127424,0.5732013553714074,0.8963749699406235,0.4684077466856972,0.802599711578344,0.8369453936614508,0.8278683987681126,0.7343999991606858,0.7518780612391094,0.7767627060745779,0.8279470597846035,0.8064967773550916,0.6435986114629854,0.8275993875883033,0.0,0.4299619110031235,0.0,0.012213740420721403,0.0,0.41894352606660246,0.0,0.0,0.0,0.0,0.0
p_47,0.9678579335811784,0.7748828399005577,0.6034029264330397,0.8910478235591514,0.613039794186961,0.7785408416744658,0.8324744123977661,0.8570926755710482,0.8064334711433658,0.7882438458944399,0.7788541356798944,0.8129994650692608,0.7848443827859185,0.8859603288077483,0.8121093742069244,0.8003355682317238,0.685230875272362,0.7001934168259825,0.8312117376044974,0.17721516744111804,0.4247211876174666,0.767539967745398,0.5890656679930933,0.8967554651278661,0.6194029812226183,0.7267821392268597,0.8419334675434452,0.8566229523394473,0.7874082731177197,0.7548448578260671,0.7311046493917039,0.829718791294263,0.8342306578797657,0.7061994545714335,0.8368807856859017,0.18749997070312957,0.4835164814728804,0.0,0.007080785300673366,0.0,0.46247463564960173,0.0,0.0,0.0,0.0,0.0
p_48,0.9639515765031864,0.7902331110461334,0.6180844109510035,0.605803108180515,0.38205127715318876,0.8252088534955626,0.8324919275772327,0.8281470232960279,0.6912325274916892,0.6489505096774981,0.6266477375245433,0.6729138747304155,0.7687138309338925,0.8910447759748467,0.8078532979790181,0.7990249165790224,0.5903555743285164,0.48484847978214757,0.8270716284874723,0.0,0.20889748145265993,0.7817023841906413,0.6061413436036213,0.6729912868606086,0.046065258232912513,0.8052630603465656,0.8292791576114148,0.8360169732976708,0.7405686157181949,0.6376465905012457,0.5453832571155004,0.789921325972867,0.8015209105157898,0.518013626893733,0.8123801690747922,0.0,0.2036613249009002,0.0,0.0,0.0,0.1694915213198179,0.0,0.0,0.0,0.0,0.0
p_49,0.9743503226899695,0.8203097435690688,0.6772201105631538,0.8942586866178831,0.4449489166294107,0.7994058869026719,0.823855755840692,0.8714990844259891,0.8559322024598738,0.800329127079604,0.7908078635612228,0.7904876556577735,0.8463897395506137,0.9000530993131235,0.8270242384455655,0.8235630516912694,0.6929788089199052,0.6239015762398807,0.8404977367642367,0.518518470507549,0.4188414995617982,0.8216504972466548,0.6766097841544586,0.8997611900986586,0.5322580591506244,0.8191002408333738,0.8484337942193315,0.8816880175748142,0.850665246566615,0.7679168206759035,0.7885714267689796,0.8311815328333514,0.8352108964233406,0.6650717650313257,0.8454700200061755,0.2727272314049649,0.4444444421368409,0.0,0.008908685869613743,0.0,0.5811688217342724,0.0,0.0,0.0,0.0,0.0
p_50,0.9712365691891076,0.8027190820148258,0.634798448972207,0.9171514054770967,0.5082922433514466,0.8222514809916058,0.8065095620115347,0.84547238192195,0.794838708651821,0.7979999991133333,0.7531337918824922,0.8313299712459675,0.8320930850600824,0.8873741499787208,0.7919517916536086,0.7763082208846802,0.6603654673586469,0.5683297118402417,0.8316138184272468,0.40540535062089855,0.4124767206123057,0.7907913361502232,0.6310208825289046,0.9134928035548745,0.5518701462531046,0.8120889182660092,0.8434693862994809,0.8411889864973957,0.7665891206750979,0.7569216852108468,0.7295297189555271,0.7689284228703678,0.8215042351125417,0.6792899327894683,0.8217330945650079,0.16326527280300554,0.4214847744731961,0.0,0.004918536720201239,0.0,0.5385826686837375,0.0,0.0,0.0,0.0,0.0
p_51,0.9692123985498783,0.789293137287268,0.6332263779790733,0.900271329378916,0.5990209141120564,0.811943106754125,0.8254913717885608,0.8530217267037784,0.7875792131969845,0.7646274975595064,0.7418534764459129,0.829394385470099,0.8145885720183461,0.9163727268044977,0.8246205725832673,0.8049113211325748,0.6346360680005877,0.3981220619894642,0.8231252445787934,0.07999998400000319,0.4553314102291831,0.7913409333286101,0.631485205840477,0.9164887429192506,0.6098807461108419,0.8140076476196751,0.8360813731840744,0.8488869592305531,0.7960273112401896,0.7067783692475522,0.7733907614898523,0.8359367412089486,0.8141354172804547,0.6758383432859988,0.8401852916037587,0.3265305456060111,0.514032494409038,0.0,0.004059147567239352,0.0,0.5229201948570426,0.0,0.0,0.0,0.0,0.0
p_52,0.9608077151800354,0.7974120772655776,0.6177886071699995,0.8066109417384683,0.3612244861099542,0.8062543538441431,0.8200429998876946,0.8533691270585938,0.7871944729181796,0.7789185482726569,0.7629046352517397,0.7086542786196,0.7228123401041671,0.8938569655404949,0.7970857528826566,0.8165584393491384,0.6657657627668209,0.6600822990939729,0.840936477155331,0.12499997395833876,0.29227557106184165,0.7935294048508412,0.6043935119996792,0.7756961275617544,0.6283828341360869,0.8003596630063595,0.8269653342132443,0.8882797933953076,0.7713987463838743,0.7732386020694929,0.7376006766901215,0.8237511773574447,0.8089450636632352,0.6321483722399662,0.8321908654569653,0.34374994628907085,0.3309002406253022,0.0,0.0,0.0,0.4511545212938806,0.0,0.0,0.0,0.0,0.0
p_53,0.9647867398217609,0.8165333412548866,0.6213287566015259,0.8920187790370382,0.4897959142024157,0.7975890702390599,0.8252645494351795,0.8893900096463018,0.8340228755974411,0.817610062168828,0.7760125290310752,0.7860187530945758,0.8191117430802645,0.8948707454774546,0.8287068373839764,0.8092375804832724,0.7238095212564037,0.6362957383398377,0.8455538213769351,0.47933880336042944,0.4387818493549916,0.8098140226238962,0.6073742893659748,0.8826494414805476,0.5332103271844066,0.8273872272020786,0.8608055957030388,0.8866399110762287,0.853824844604917,0.7932215604892541,0.7605695492649079,0.8340473078468549,0.8203480567058954,0.6655683635455654,0.8296708383591369,0.39062496948242426,0.46454264920584454,0.0,0.00813835190093233,0.0,0.5952380851149985,0.0,0.0,0.0,0.0,0.0
p_54,0.9677855190252811,0.8028495067846092,0.6220849519852354,0.8557087945486281,0.4926470542955234,0.8157902251375959,0.8319217516333651,0.879550126448452,0.8311934033907374,0.8028002538387125,0.7919869536641347,0.761437905386283,0.733505152748698,0.9054891090371292,0.8190987315452034,0.8072748582948815,0.7173418265027681,0.59399999406,0.8353127466000468,0.5454544746163019,0.34566403671519685,0.8094359295710072,0.6341383497092519,0.8485819731698806,0.4704743420089609,0.8169301374534165,0.834440536607584,0.8920029889810644,0.8345717626977295,0.8106531142380453,0.7779261219894835,0.8256050241773462,0.8017875899006635,0.6759183618292379,0.8455252526872844,0.41095884781385644,0.41705187253697035,0.0,0.004744958425326709,0.0,0.5950095855084533,0.0,0.0,0.0,0.0,0.0
p_55,0.9670430364585968,0.8014573662897081,0.6677205161386561,0.7835288952826358,0.1554878025078079,0.796844181274662,0.838561820891239,0.7882090215327338,0.7304988274405771,0.6578382241787417,0.5983063317409677,0.7128712844140468,0.781646598142456,0.8977963646617667,0.7985049262669853,0.7670509107419528,0.6975658529591001,0.5963240258929611,0.778290992509894,0.0,0.09392897945098534,0.8062613867135879,0.6670465591708324,0.8358328651712916,0.3020030770107384,0.8111342946343671,0.8619742099213459,0.859288884134376,0.7950696454603972,0.7229622177071607,0.7188957995355836,0.8123288873864445,0.7672778543317399,0.6038677442054414,0.8203216027186191,0.0,0.35158501272053305,0.0,0.007050528706809299,0.0,0.19839141559272347,0.0,0.0,0.0,0.0,0.0
p_56,0.9692452460750777,0.761956883075609,0.6729300843997716,0.7041475890761193,0.04728789920322811,0.7458336408571907,0.7703794498194102,0.8204402224767375,0.7188429295500907,0.6159175691811001,0.672120272668317,0.6572995179667597,0.773624637044453,0.8771374091405558,0.7655352473755133,0.8100628910438669,0.6701916699597102,0.5738045678398693,0.8222612577273545,0.0,0.11394302677746587,0.7930812292228944,0.691682589310114,0.6740322703489132,0.30408162955018747,0.725812866479613,0.7699253604158985,0.8469989151553591,0.7723993168406148,0.6764318625111654,0.7833167809666003,0.7759571971443261,0.7625611365883479,0.5830461710334516,0.8180556682572397,0.0,0.21915444159487107,0.0,0.0011325028248442648,0.0,0.4127516709269854,0.0,0.0,0.0,0.0,0.0
p_57,0.9694743891206518,0.813546873517593,0.6634784511440808,0.7687549350034516,0.3404619303638843,0.7087366828223054,0.8161205942444701,0.8624558576449619,0.8189520615173332,0.7559960020353131,0.6318501964750899,0.7845804963246501,0.8102976656310577,0.8960559067245851,0.8047365486730219,0.7839752085348048,0.6666666639027087,0.421578417366849,0.8102106962640108,0.13698628260461881,0.194905867166048,0.8156937034099366,0.6596846276022875,0.8632910314234153,0.4943181783073993,0.7219754426081944,0.8439679311327382,0.8764344257805151,0.843902925353138,0.7815205408613879,0.7850735543863051,0.8182032163058429,0.8241842594545408,0.6382978666817565,0.8326693220456818,0.20512817882972065,0.42665173333341694,0.0,0.010568031564490998,0.0,0.49560631817915085,0.0,0.0,0.0,0.0,0.0
p_58,0.969934200619006,0.7988071153533195,0.6716355554872679,0.885335192294966,0.3810276649721133,0.7501690583909066,0.8098397122381089,0.8141122513866735,0.7666255458487995,0.6025188910805855,0.5184266468489961,0.7561436652548105,0.5881801111909473,0.8755024114289418,0.7993453943091686,0.7674227910155157,0.6810735424152194,0.25843779885788043,0.7204064346143891,0.038461531065090176,0.3808969110023476,0.8052570748736889,0.6636423714861661,0.8735219592289056,0.4774574983188655,0.7614154336742471,0.8037421436171803,0.8092808417158383,0.7738501699398974,0.5761563764504003,0.5562869188923428,0.8023405896202215,0.8048913021606214,0.5962373328781669,0.718189437788609,0.08219176956277129,0.44540455441710697,0.0,0.007668711636838671,0.0,0.4402515654048496,0.0,0.0,0.0,0.0,0.0
p_59,0.9606131354290592,0.7956685833336723,0.6060936261469034,0.8582130256161268,0.42387332005026407,0.8127355223633685,0.8185253195365418,0.8638797248045645,0.8481267276236778,0.7861982687520085,0.7711022820975614,0.7447999970207999,0.780108106421388,0.8978602044336526,0.815805978657949,0.7997633812488513,0.6749335665414811,0.5953757168075557,0.8412789576476365,0.5925925194330223,0.4343302962657328,0.7969201970998955,0.6099970007445448,0.8327462543679726,0.5194570088736923,0.8220329960558719,0.8387934680441343,0.8797335198225026,0.8620646600148987,0.8229654869802242,0.774858824515446,0.8286591598478412,0.8378076039211196,0.6560934836720077,0.8380412463707935,0.12499997395833876,0.48044692469024064,0.0,0.007926023673368247,0.0,0.5795918249062894,0.0,0.0,0.0,0.0,0.0
p_60,0.972087035686426,0.8135593697088515,0.6786227822178251,0.8250273818797794,0.38961038571817797,0.8137402424495108,0.8330451997300111,0.8635757933816222,0.7765721869169927,0.7132703397330292,0.6599094227735403,0.5854166636176216,0.6753467289121236,0.9006192862064257,0.7860380772565385,0.7025036801607666,0.5757281525450089,0.6044718534736172,0.811152764127497,0.0,0.2129629609910837,0.8265226558783066,0.6893774402282163,0.8155718757046008,0.2003129859105949,0.8096792399907529,0.8465303538758556,0.8628199477008662,0.7784790473062814,0.6666666661152467,0.6904205594033868,0.7988573342305013,0.7386600067859759,0.6427171741168048,0.8099097006946749,0.0,0.26972353155951767,0.0,0.0040609136643562065,0.0,0.4115044156746811,0.0,0.0,0.0,0.0,0.0
p_61,0.9675891009678057,0.7892311596376368,0.6645949440954647,0.8928728625541098,0.5378020223086358,0.7178891019714269,0.7663376592928018,0.8639327472846189,0.6128644745955395,0.5839968920334075,0.5485933495067242,0.8213824869651936,0.4838449091928719,0.8679045864628342,0.8262597066766664,0.8277038525155105,0.6401257185957943,0.17441860296106004,0.8197964839779867,0.0,0.3875638825061163,0.7969651932427124,0.6401258460367448,0.8632131591729687,0.5089140963621224,0.6458264415465248,0.7321113189839011,0.8598640966582021,0.5230769225892057,0.5905044504127761,0.579376327818256,0.8172982605284902,0.8231310215599609,0.29919857258060045,0.7931193925893653,0.0,0.4588385435263607,0.0,0.009184224718573136,0.0,0.5548387007284081,0.0,0.0,0.0,0.0,0.0
p_62,0.9657391662528347,0.7674772146353354,0.5991607414053116,0.8987263620381116,0.5212845368089281,0.7957038519846186,0.7659976975365711,0.8520423595449063,0.798583234004034,0.7697790442179445,0.7338978682732926,0.7907103803532503,0.8253289460109722,0.8877920874358386,0.816735166174797,0.754812241228109,0.7404580129120292,0.47286821094485515,0.8004197664563826,0.28571420408165593,0.4262008715013062,0.7793733308439723,0.6133399558196223,0.8886979402033516,0.6264564727453292,0.7267585487170853,0.7657714198594895,0.8620778879142982,0.8034245043324166,0.7296436998360779,0.7415222287326746,0.8159173746294883,0.7953688723872674,0.6584205455906704,0.8336437595984278,0.07547168387326719,0.41610738080491866,0.0,0.01113430750776404,0.0,0.3184257545898792,0.0,0.0,0.0,0.0,0.0
p_63,0.9650238172858138,0.7723006833577659,0.5628130972170806,0.9121270289222045,0.5915211940572509,0.7579311029605251,0.8004401836954431,0.8469917006956745,0.809777776578107,0.7205234970606502,0.7300911831912121,0.8059645837726662,0.7216607464581788,0.902743141975373,0.8138020825764489,0.7973739158538528,0.6761032454174208,0.553956827890206,0.8228898983762701,0.5842695972730789,0.49901510013455314,0.794258275530071,0.6012175784713522,0.8969084564543669,0.6143646374896982,0.7687311526100238,0.7955647339509868,0.8489095547521713,0.7718452443391042,0.7377942702797237,0.7442996722467435,0.8194626754008378,0.7735172392454697,0.6931268083918024,0.8346091852995475,0.0,0.4967248894740041,0.0,0.008760951134161758,0.0,0.4675324599426549,0.0,0.0,0.0,0.0,0.0
p_64,0.9760758027668711,0.8217767401388097,0.7006178006984115,0.8559901633535733,0.5156249955240886,0.8023634451674465,0.821266767894016,0.840514536268294,0.8345305909901777,0.7915625860009597,0.7629746107324767,0.8004972007442598,0.7181225535381419,0.8899368812060793,0.8027050227536443,0.7810140216261757,0.6899634266966134,0.6453287141407551,0.8324617462401107,0.5333332740740806,0.34281649827299787,0.8262930638640683,0.7011590152792829,0.8260893511672509,0.4294871748986413,0.8052404178940096,0.8495679133947116,0.8685752925673043,0.8182868873529128,0.7449118038913435,0.7483608393661297,0.8240081375137253,0.8250197919635265,0.6847999945216,0.8273722973467362,0.23188402436463415,0.43129251407284,0.0,0.005736137612465224,0.0,0.47107437043234773,0.0,0.0,0.0,0.0,0.0
p_65,0.9717974504272445,0.8090233909405511,0.6826944602566446,0.8142499178482133,0.3882017089609733,0.7991657652816402,0.8475920541530775,0.8278784332613099,0.7946638754974316,0.7224971443447876,0.7473153610622061,0.7656840485045954,0.7640449421369356,0.9025275333329328,0.7865446444170627,0.7905084727898114,0.6963470293137479,0.5342706455687992,0.8169661861707127,0.15999996800000638,0.2166997990387694,0.7978015686593037,0.659274172963661,0.8219706389512499,0.19221410958376997,0.7779731415085561,0.845563512175922,0.8349054220252684,0.8181707751510133,0.7189661442310101,0.7243219192433928,0.7797016965714884,0.7746308381151518,0.5901875859293825,0.81712725962374,0.0,0.3210802676588127,0.0,0.003984063705338011,0.0,0.42764577910052315,0.0,0.0,0.0,0.0,0.0
p_66,0.9621972886285515,0.7914560816811896,0.5896053175242624,0.8810919014081559,0.3329506276354693,0.7995613779651521,0.8040289828078007,0.8645629385785081,0.8024033854944649,0.669786894373843,0.690386069416134,0.7683494422901918,0.7950731867278237,0.8935739465786634,0.7864545912914781,0.7956646452162427,0.701546559060393,0.48398575938332433,0.8171451034043009,0.0,0.3544743670332375,0.7885083989917873,0.5958190896256041,0.8869036851651403,0.5607843082276048,0.6338791576898843,0.7980147302957636,0.8616135689668815,0.7967025988627742,0.7359367727383348,0.6988505729275847,0.8107765443097976,0.8117776532422188,0.664783421235561,0.8129084137801262,0.2711863947141704,0.4130808926386638,0.0,0.007905138261806935,0.0,0.4258373103866672,0.0,0.0,0.0,0.0,0.0
p_67,0.9763262035513643,0.8230267781954758,0.718771987483004,0.858566288006935,0.36406067253138075,0.7851429178793881,0.8570414410709593,0.8723261683045584,0.8327316477810554,0.7856579286528816,0.7448935229359116,0.790151729773399,0.7481351453529287,0.9051420932566927,0.8173605282505723,0.8173736326711363,0.6869488505866452,0.6398176243174952,0.8347932718686114,0.49999994791667207,0.3499511207238405,0.8250026272602051,0.7167702940515063,0.8748310350208025,0.43388429303838544,0.7916452835903609,0.8644323581641565,0.8713289663684085,0.8464681836481143,0.7367378179440351,0.7435294101742687,0.8246523035863537,0.8362208342891642,0.6585551280718241,0.850344826853151,0.12499998046875305,0.30210015911066107,0.0,0.014527844860437714,0.0,0.6024096281857207,0.0,0.0,0.0,0.0,0.0
p_68,0.966675966833523,0.809855025499152,0.6262866296043073,0.8371842564924691,0.4344569234150197,0.7804816027715102,0.8346957071488572,0.8907995613960572,0.8355978251408539,0.7980211199714384,0.7458791191715222,0.7271999970912,0.7259490360739754,0.880135789379772,0.8216722672149178,0.8267756749443647,0.6999195466616268,0.5895582281963194,0.8421052624041306,0.26923071745563126,0.3823529383650519,0.8011997735808574,0.6153255176059823,0.8745178122401793,0.5306971849042957,0.7035119749321207,0.8021906693169581,0.8686845298520258,0.8554203651699875,0.818061590007499,0.7808656018659098,0.8335476205780362,0.8186863995867567,0.6744366691962963,0.8316312181845487,0.1016948980178139,0.46644664209875336,0.0,0.005994005934125815,0.0,0.47401246415774506,0.0,0.0,0.0,0.0,0.0
p_69,0.9672236030330693,0.8116862485862965,0.6319041219805598,0.812415196284252,0.5005128153793558,0.7968532810466822,0.8183283880815125,0.8782089546995767,0.8318442447901797,0.7905146737659351,0.7448409790122822,0.790583916873788,0.755698709723244,0.9015244402939947,0.8231831550563922,0.8042042017891765,0.721931586632066,0.5564588928955836,0.8402366856013557,0.33333327777778704,0.32635252769325895,0.8133826577945428,0.6152863750983005,0.8434584503995127,0.5299910427037507,0.8033797159021276,0.8106329612775736,0.8739710987903353,0.8494528979380545,0.7838236733407226,0.7325497703704731,0.8399071916896149,0.7865293604605361,0.6377325009943977,0.8475779368368557,0.0,0.4451739957637952,0.0,0.002921840738335714,0.0,0.4622222119506175,0.0,0.0,0.0,0.0,0.0
p_70,0.9744928186416671,0.8159144656963051,0.6895188477203237,0.8681217173291489,0.34416365410152044,0.821075361515639,0.8319367290612983,0.8402897546738828,0.807230037447843,0.7202928151853143,0.6634031708176951,0.647900760267649,0.5548589324299092,0.8736667149354267,0.7784911709686084,0.7287671212910489,0.5721291353815727,0.4506604471588155,0.7917624025259447,0.05194804520155257,0.4474164106540036,0.8230611591685992,0.6956707112705995,0.7603457586383869,0.16191903805218835,0.81435628070315,0.8015991624271465,0.8576390658131281,0.744882235587847,0.7372729592075783,0.7438395401263811,0.7850705321462867,0.7633998637286391,0.5558408179984543,0.7751082428261242,0.0,0.33816424848498994,0.0,0.0011574074007094479,0.0,0.3866348356411734,0.0,0.0,0.0,0.0,0.0
p_71,0.9708115072588678,0.8013980965446963,0.6767860332770982,0.8230047258127522,0.043165467004813426,0.6900676921378295,0.7790395459890687,0.7539611889113579,0.801789615230684,0.6223389284232027,0.44394343012104237,0.658862873499737,0.6104161914705113,0.8522317119586478,0.7120934485660864,0.7404453282138739,0.444966244658156,0.4788029885386285,0.7367312915723034,0.0,0.26594788619992915,0.8123536238194344,0.6813725424061746,0.7534331031032828,0.28881650066431597,0.6892172323629913,0.7629593293636866,0.841438437322487,0.8032028862036733,0.6448963996515837,0.6496644282844403,0.7685021814759939,0.8074974650266021,0.5519614552514697,0.7623141057660844,0.0,0.22613065137244012,0.0,0.002810304436485693,0.0,0.4526315710064637,0.0,0.0,0.0,0.0,0.0
p_72,0.9642552792164463,0.7784983594427708,0.6178787939673245,0.899326317640483,0.4404378593661439,0.7612282755415865,0.7692744624834534,0.8528663545803311,0.7278133568986581,0.7699858416517359,0.7021712398562654,0.7951945064927641,0.6570025703600595,0.855817638470228,0.8004983085953922,0.7666442475903017,0.6606890026883223,0.5895117487385918,0.8036577852777124,0.2666666222222296,0.41538461399536913,0.763377633013832,0.5878770010821682,0.8756406913222915,0.5303643688909286,0.7682048913778945,0.7840152482198024,0.8634435957449148,0.7180648227859094,0.7169739586419179,0.74114214101471,0.8054354532732415,0.8185437974444146,0.5707195982570753,0.7452110835547601,0.0,0.500666487601529,0.0,0.0023899621541725513,0.0,0.522361350226094,0.0,0.0,0.0,0.0,0.0
p_73,0.9620473709320755,0.8008300157156071,0.6152318666885849,0.7625385929588071,0.4100895003247396,0.8062214087553988,0.8360237350324747,0.8549048083960654,0.8400593860979088,0.8101851844037566,0.7719821146008472,0.7732906806345834,0.7305897311612437,0.8994463170664513,0.8075028412206301,0.7962291496344474,0.7064760273066609,0.5672371591912212,0.8425997089054577,0.5348836587344583,0.2117420576348214,0.7886113568700347,0.602350856938041,0.7544254902201275,0.5344537770213968,0.8132035868800382,0.847775953542071,0.8775304176836882,0.795845858436942,0.8125872816194142,0.7963087985678398,0.8166395950039347,0.8165424361227641,0.6763698572228608,0.8221365137481959,0.3103447740784872,0.28298610865463447,0.0,0.0022246940798143038,0.0,0.5751879591130084,0.0,0.0,0.0,0.0,0.0
p_74,0.9671330186393212,0.7796019484893603,0.5772087684367401,0.9093469076664595,0.5832358651725696,0.8312344045703113,0.8421074322817622,0.8801334696611053,0.829642247838967,0.8289788319644152,0.7794117628571827,0.8397341195721305,0.8297331625957225,0.8970625703605244,0.7851594193795254,0.7952702675835464,0.6912908215735193,0.6281800329923676,0.8354272652523858,0.13333330370371027,0.42149809385739273,0.77437376206178,0.5926583818930088,0.9101923040826223,0.5801104949482616,0.8427492760191155,0.8618878636748868,0.863789237062928,0.8055967767589604,0.8222873892255256,0.7815259208025223,0.7599633523133723,0.7916666642412172,0.6600181263824286,0.8254063208441457,0.46808500679042403,0.44217252254896955,0.0,0.007574163670157451,0.0,0.5735848948380209,0.0,0.0,0.0,0.0,0.0
p_75,0.9715278366390947,0.8207430482251536,0.6626011973164448,0.8253454351475138,0.39096044755976894,0.814196241958717,0.8241421033078361,0.8782572436531909,0.8431917416392858,0.790909973010673,0.7619500576410225,0.7619986825706815,0.7354838691427199,0.909535614896668,0.8125490188112264,0.8160851542989794,0.747956846198245,0.6283595863914775,0.8376228349671289,0.1081080788897084,0.24206348966206856,0.8135932593423427,0.6587919669944295,0.8369965540946914,0.5411013524253683,0.8085846263537175,0.8330495843025669,0.8828292839294721,0.8324310037865694,0.747731775213545,0.7858719627523375,0.8204103860355817,0.7949393758699541,0.6961226267256752,0.8440482614406193,0.07692304733728948,0.32466508806410493,0.0,0.011904761727607713,0.0,0.5874587361805489,0.0,0.0,0.0,0.0,0.0
p_76,0.9688963192596916,0.798641628709669,0.6462904710391648,0.8208532989891731,0.26275115513522174,0.7734189963320668,0.8482121681755639,0.8239322395483076,0.8066115690358955,0.6607639239567962,0.6413612551453726,0.8091681668576662,0.7568784373264671,0.9073154247495665,0.8291742738596325,0.7767992688223526,0.7067226861062071,0.5934314768580807,0.8301098693997004,0.19999996666667222,0.38109991958869155,0.7941150977853912,0.628102590139509,0.8761661745968559,0.45576922638683437,0.7558916729007291,0.8418246286996571,0.8558206225682307,0.7838739810654466,0.7329557365922428,0.7200376719565866,0.8149268776450561,0.8116308449769131,0.6103202792676132,0.8428069535692218,0.22727267561984643,0.42170717681341335,0.0,0.0,0.0,0.31199999376000015,0.0,0.0,0.0,0.0,0.0
p_77,0.9727897462373714,0.8088965044853227,0.682896524936792,0.7888002961933369,0.3457943884837104,0.7828839918633925,0.7402246160413724,0.8415599644015443,0.7708333323541243,0.6712328760737891,0.6811015331488302,0.7292817642929093,0.7476202707804984,0.8971038631459702,0.805415196105048,0.7705627686005532,0.6546296265989369,0.5980167765216112,0.8319298841451024,0.0,0.11590296339753418,0.8071858311758856,0.6753763346457486,0.7818443996553976,0.3675799044796815,0.7315200597510603,0.7437695764167391,0.8732379263154645,0.7631318127315018,0.7182589843613337,0.7609973631441368,0.7989191196431987,0.7897632126530418,0.6228003012792632,0.8366490227809372,0.0,0.1736842090027701,0.0,0.004469273693080741,0.0,0.0,0.0,0.0,0.0,0.0,0.0
p_78,0.9729753610565475,0.8101814672987817,0.6711328855698232,0.8345323736894982,0.3264705834342561,0.7807470712884012,0.8107548966474107,0.8441790373679099,0.7986043254729878,0.7547632515046564,0.7821305824006173,0.7580511942276994,0.6427048411736069,0.8767172745876343,0.8032378571987985,0.7583378874840407,0.6625332123005614,0.5626740894830633,0.7923487209928741,0.32835815994654327,0.30262045390853376,0.8118448762622074,0.6752826642315292,0.8488096460636867,0.2047781535020793,0.7531437514340872,0.8293960281936478,0.8579183379408082,0.7697880322380091,0.7251506737538022,0.7419865438425276,0.8203342610223495,0.7881918799798477,0.6105417232024765,0.7985109345756064,0.20833328993056457,0.3307086592473185,0.0,0.011283497725197494,0.0,0.35475577494201094,0.0,0.0,0.0,0.0,0.0
p_79,0.9721328036929368,0.8139456782374926,0.672246954768805,0.8584643013657547,0.3774069271192949,0.7796757885132543,0.8285142564270072,0.8645953198177461,0.8401942635982953,0.7713992338547566,0.7451371552490345,0.7425968075508117,0.7160627346780347,0.8965617028890807,0.8078698606200595,0.7765690354907419,0.7085247539125842,0.6411483202460262,0.8463642357385983,0.3846153353057262,0.30237912277529455,0.8126132378420705,0.671248757856737,0.8528822843013583,0.5673469329862558,0.824706418645335,0.8276648227919181,0.8937644336641083,0.8428171631963419,0.7699428788950731,0.7340347425152074,0.8245348325134846,0.8247694312917802,0.7073170674201864,0.8451029431930893,0.1276595473064793,0.4176245184059737,0.0,0.008810572590191933,0.0,0.6352086999054682,0.0,0.0,0.0,0.0,0.0
p_80,0.9676622759436876,0.7871144672412453,0.6366504399696763,0.9002832858639424,0.5768282614886749,0.807853343666444,0.8215667501133445,0.8663082851079185,0.8358138980009213,0.8217250082806523,0.7617187478746686,0.7947663521690976,0.7864355100277473,0.8803996231256602,0.8142088740315903,0.800667776959373,0.6825595956396503,0.5781249943542481,0.8204574872459458,0.5142856653061271,0.42600896622192286,0.7724313881812634,0.6262599578405591,0.8808143451257873,0.3582822041928564,0.8193296600036358,0.839326718141557,0.8497875842687289,0.8269459129580634,0.843571991198342,0.770327347491216,0.8274350132295282,0.7865232140811913,0.6434463735706107,0.8331715724866046,0.1428571173469433,0.43866535604187756,0.0,0.005560704330117218,0.0,0.5825687939777799,0.0,0.0,0.0,0.0,0.0
p_81,0.9585473282915115,0.7697340875327838,0.5738712039447484,0.886162500088218,0.5829383840210238,0.7488636686347263,0.7341215328053057,0.8780253432958829,0.8129859489660538,0.7687267954043167,0.7210487965014596,0.8116343467821763,0.7760532131656732,0.9085604073473846,0.8249071685947756,0.7779063019725092,0.727061553515054,0.5943691283173188,0.8242490634307961,0.0,0.37113401822722925,0.7526615774068316,0.5580848407340367,0.8939774638274892,0.5605214100510111,0.810664409420041,0.8341507161862703,0.8651032009297059,0.7371522857883637,0.7174792413056428,0.682078277221153,0.8271638782312734,0.786646584370867,0.6547618998901644,0.8144302203791691,0.0,0.34482758468245983,0.0,0.010938924239389934,0.0,0.4140350804555249,0.0,0.0,0.0,0.0,0.0
p_82,0.9717034181912424,0.7645570192567671,0.6232116726001612,0.8979847512442307,0.6784187997947714,0.8004105368455661,0.814263373882985,0.8690522999443557,0.7669914300187917,0.7573602047447539,0.7168073657794644,0.8289156606532153,0.8065614348397379,0.8811716332731028,0.8039908534566713,0.7455452574998387,0.7465618831176349,0.6112149475587388,0.830763959548849,0.368421004155131,0.46535677112018214,0.7787850251404527,0.6238414596803404,0.9061139729032158,0.6593635855014941,0.7348148998978596,0.7959714671644179,0.8838135534981557,0.7535044201493375,0.7889022911249475,0.7232973090643445,0.8240569248230267,0.7893593898225858,0.6467449237273755,0.8345851208560576,0.1777777382716137,0.46105072254958906,0.0,0.004993342202074997,0.0,0.5689404852113137,0.0,0.0,0.0,0.0,0.0
p_83,0.968670438943792,0.790043079752669,0.6377288809235904,0.8723025379916389,0.2837684417279405,0.7831226152008371,0.7858145086224929,0.8527924815007479,0.8013769353971578,0.7387934638261484,0.6605542807656715,0.8158187879394379,0.7440114394994433,0.8665491943206003,0.761006288453497,0.7927122695334744,0.7024764537758058,0.46635730317450924,0.7607579569114553,0.11111109053498323,0.28988149234383326,0.7979810076060476,0.6378414769238225,0.8590995188477708,0.22047243805154282,0.734353121255884,0.7785805354305301,0.8541239748628817,0.7968230108438091,0.6128594061434691,0.6407884138359042,0.7772246413843346,0.8158904087235879,0.5254074733901489,0.7501499093042675,0.0,0.3277258546559137,0.0,0.00693641615824117,0.0,0.426763102590179,0.0,0.0,0.0,0.0,0.0
p_84,0.9647205037211802,0.7855519004952024,0.6261693482373982,0.8064958824299543,0.4192228995989479,0.808478677958675,0.8387565309798904,0.7841295218947983,0.7271347239378435,0.7120778470596472,0.682576458103391,0.7637669562499323,0.5706198681839234,0.8791072741619642,0.8049939431612839,0.7768161532210434,0.7107569692798527,0.5925925872394527,0.8047070599192897,0.2365591143484823,0.1586679710218612,0.7851421801577511,0.6211493726368277,0.8274308874345865,0.5895061682908475,0.7105018791265748,0.8212879079286689,0.8155547242051414,0.7728459521252742,0.7409905905015174,0.7058261683241973,0.8201822238093672,0.768973745181447,0.6262773676914061,0.8219106950312299,0.15384613412229048,0.3199999981449276,0.0,0.0,0.0,0.18735362558890808,0.0,0.0,0.0,0.0,0.0
p_85,0.9696194391364769,0.7925531404009168,0.657222514009794,0.8481883501890158,0.3046357582269784,0.7025069914346516,0.7756336886170749,0.862682128538399,0.7913900184285821,0.6565386977452898,0.6040816315323161,0.7344504381299334,0.5446768047892662,0.8719671374247605,0.7579400675058855,0.7454272841216573,0.5677593762495459,0.396355348560873,0.7784085781937383,0.0,0.41514195321677,0.7833892955344942,0.6497358084970861,0.8398777734129486,0.48126232425205573,0.7830558937197059,0.7993501008504555,0.8583770435924857,0.8000392842270289,0.6154910090738085,0.6118421040792529,0.8047066507560822,0.7734780538615431,0.6137377286910105,0.7514622285596324,0.0,0.43044397280996205,0.0,0.0055110220302830104,0.0,0.5182186164882778,0.0,0.0,0.0,0.0,0.0
p_86,0.977837687921549,0.8183893635948513,0.7073477611621415,0.8617245629454758,0.3520309443710741,0.7952952813225712,0.8434324714967635,0.8849457499519973,0.8479194785222542,0.7990921642006196,0.7513696823601104,0.765106039355318,0.6139716097579415,0.898373555186993,0.7866558499425513,0.7917607201135419,0.7232011720881014,0.5966942099446759,0.8284184906779383,0.6989246936061992,0.3114311403111509,0.8137591233085025,0.7070931990268633,0.8735727471554536,0.5289256154634246,0.8224299063153226,0.854724768347864,0.9020081702618056,0.8396784099790986,0.7891518729890021,0.7743732570919897,0.8171892208582698,0.7871420832330035,0.6433990846479584,0.8533532590572079,0.4102563576594413,0.3938497906927866,0.0,0.003458213236552085,0.0,0.6101694800344731,0.0,0.0,0.0,0.0,0.0
p_87,0.9704808333853536,0.8171381125373091,0.6672247268623219,0.7942064794108962,0.4755876991357351,0.8120648341615039,0.8470884825252369,0.8781044222128354,0.815772948868802,0.7607639464225465,0.7518315001102759,0.6888552663194389,0.7419825054859512,0.9082465970960274,0.8069980553485161,0.809894383518915,0.6811594169992298,0.6197802152397054,0.8515307996573859,0.3157894182825582,0.30179640357130055,0.82208758132395,0.6735880471228268,0.8223668052894876,0.44897958767180346,0.8193493148346606,0.8501451233979999,0.8879538899781245,0.8323959494658218,0.7874462589961769,0.7734425506069357,0.8113544498436371,0.8054823384146486,0.6699576821582675,0.8203224222566464,0.37499992187501624,0.453083106882821,0.0,0.0,0.0,0.4967320153217426,0.0,0.0,0.0,0.0,0.0
p_88,0.9682991401279584,0.7847174217522022,0.614064805192833,0.8145442822844705,0.5096899175417644,0.7930940280847144,0.8296601724337931,0.8255554947435457,0.790946082412327,0.7490611123685037,0.7772727255061984,0.7873042012064954,0.794071761322013,0.8907310259268559,0.8134991110505704,0.8009841421514922,0.7173030027729366,0.5816235452129924,0.8205526763207662,0.2033897960356278,0.3269671479987231,0.7954301893151332,0.6329385910523109,0.7954236954331176,0.4488636321130338,0.8111909808110899,0.8478417909292366,0.8447609845215107,0.7658248962444935,0.7831027661535716,0.7208575240713321,0.8228426881770186,0.7705437679333242,0.6233097191029638,0.8224053288723656,0.09090907024793857,0.40109513756950627,0.0,0.0,0.0,0.47567566710494297,0.0,0.0,0.0,0.0,0.0
p_89,0.9682117461926941,0.793063637911399,0.6522485088963182,0.787774572449648,0.24018475473227766,0.7525978543395334,0.803297175668482,0.8307574677348275,0.7790173263956595,0.6604527289608825,0.6023540258427094,0.583935740626764,0.6721242639124176,0.8640376915971045,0.766170148189373,0.8127618407580991,0.5240112975847059,0.6251217076424371,0.7676111932909806,0.0,0.18316831456474858,0.7920490267552782,0.6409575192497308,0.763911524584452,0.18181817935117803,0.7991628742610266,0.8176664968184589,0.8612351401210582,0.78138473144638,0.6180431407245345,0.63694530312292,0.7864033065811638,0.8014242651289393,0.6270456449005544,0.7380736434445188,0.0,0.31067960913689635,0.0,0.0022624434261174016,0.0,0.3698924651636029,0.0,0.0,0.0,0.0,0.0
p_90,0.967841440247417,0.7897302345116807,0.6501216300589437,0.6002496873905537,0.1933085477904765,0.7725075989476027,0.8393380039889303,0.8444063865187094,0.6880193372291595,0.6726079711364137,0.6521053802024198,0.5733491475945071,0.6977672886226769,0.8636890852319439,0.7616835447721978,0.8104469552761255,0.5179904938289528,0.5211902567972024,0.7954659103221654,0.0,0.21342512541436962,0.7929977270900511,0.6610527525418437,0.6133521220597569,0.29810900669511675,0.8023872960029015,0.8398396212926889,0.8576113398616252,0.7271537042063974,0.665039428590838,0.6918738234972346,0.7760071613464573,0.7967187880114873,0.5920778277131492,0.767497033750638,0.0,0.22548120783243622,0.0,0.0,0.0,0.4824902629865708,0.0,0.0,0.0,0.0,0.0
p_91,0.9661724254483234,0.7960498117463648,0.6761460579105095,0.8084446112429732,0.35071089714965975,0.8412450992297847,0.8555475879128256,0.8127668747842283,0.6917733875713334,0.6892558097744301,0.6907973353409641,0.7749922600588293,0.8046214850756657,0.914452289439186,0.7907930714138612,0.7915479563353562,0.6792738249649249,0.5931952618846504,0.8023782553777051,0.15999996800000638,0.267777064267924,0.799713491441748,0.6638094487057749,0.8371227442199519,0.342245985644428,0.7775319071106792,0.8439711829598098,0.8664568341427802,0.7438274609702085,0.6958073143331381,0.7140643816249538,0.8030493665879288,0.7962328750080633,0.5920778277131492,0.808556456242512,0.15686271434064425,0.31756756603490555,0.0,0.0,0.0,0.08399999832000003,0.0,0.0,0.0,0.0,0.0
p_92,0.9745320951023165,0.8081717359408924,0.6757948011114772,0.8949109733817625,0.5233644819052611,0.7999894812243636,0.8158182272411689,0.873761969426122,0.8320947505433178,0.797878494891149,0.8002780333635819,0.8215411033470607,0.7276245749210823,0.9025586498657979,0.818793334555735,0.7730627282501146,0.7083333306981646,0.5287846425502704,0.8282305052000458,0.5894736221606713,0.435169724901671,0.8179494731196749,0.6927856533755827,0.8634096124541097,0.6505073244052575,0.8357822437550576,0.8581597715035146,0.8759707367045747,0.8460315769354333,0.837046583652139,0.7788417674901009,0.8244397004407331,0.7967435527903838,0.6597581981022608,0.8220948213467151,0.13698628260461881,0.496363634107438,0.0,0.0041493775761436615,0.0,0.6278713533250941,0.0,0.0,0.0,0.0,0.0
p_93,0.964226514429098,0.8006647978963746,0.6069537219523619,0.8652513633844717,0.42779586940503944,0.823165314834179,0.8158752053874241,0.8533405167816054,0.8423384605017373,0.8207632475847683,0.7594178065937119,0.7636074661755762,0.8045833316571182,0.8902194149738565,0.8245556636958286,0.8376117656832657,0.6705559345554016,0.5506149427567176,0.8240383703338302,0.2499999652777826,0.4544431920447515,0.8065236501471827,0.6156079953227036,0.8231780162793646,0.5259668450169409,0.8255501876358023,0.8065762746073832,0.8762552813059017,0.8065409457911896,0.7914806540257806,0.7388302178334074,0.8249596548413559,0.8366841067565847,0.6672428637230522,0.8289401919387928,0.3589742669296751,0.46828142751856155,0.0,0.007568590278442855,0.0,0.47798741136294737,0.0,0.0,0.0,0.0,0.0
p_94,0.9688454525433935,0.7868518163755915,0.6242965786746925,0.8911152119720199,0.35800807055170836,0.7362062019894768,0.7799238468970764,0.8430419759715228,0.7990481216300263,0.7529852948258312,0.7720606493361654,0.7782285301614992,0.6897506909285533,0.8967277329765505,0.7999567465398392,0.809611827450364,0.7349505807055229,0.6081447908765177,0.8386448166898112,0.22580641519251365,0.3513812135282806,0.7902775441414588,0.6272013165518404,0.8816015635193956,0.5590277729251062,0.7974904498475825,0.8115069589226269,0.8644595533682026,0.7816820997314702,0.7052731684399522,0.7325062016563121,0.8204561430518877,0.7714656270519697,0.6570915560404708,0.8320381299015251,0.31914890221820186,0.4222989619028172,0.0,0.001428571418367347,0.0,0.3738317669665475,0.0,0.0,0.0,0.0,0.0
p_95,0.9669614987849844,0.7839518807723967,0.6312062646836415,0.6884880867746693,0.4111969072278291,0.8216041353520015,0.8510770227488161,0.8215562826383499,0.7613318400093287,0.6957458258527239,0.6921230619853305,0.7522633713898627,0.7874129214811124,0.8975694778933727,0.7805223543333135,0.7373811247564469,0.6685366962667756,0.6133333278814815,0.8210298876296094,0.22580641519251365,0.20174345950506278,0.7849737547321937,0.6434585441465452,0.7106659982867641,0.4591078024246487,0.7896879237781733,0.8177464687929878,0.8484054167494509,0.7170059084477927,0.7233119756300523,0.7392216249377264,0.8279814419830971,0.7847053073923398,0.6666666606606607,0.8364271265976594,0.4642856313775658,0.2242063469820799,0.0,0.0022497187598456833,0.0,0.3729603642666582,0.0,0.0,0.0,0.0,0.0
p_96,0.9694830818494806,0.7984988356813116,0.6820878289517049,0.8212586500750115,0.5021132670996342,0.7562226331148938,0.7853315649346597,0.8087989882129968,0.7974102403797407,0.6456869901229868,0.5928289833061217,0.7529411737863059,0.7721794096578158,0.8572887412378029,0.8031350069078586,0.766659031905979,0.6654445432381093,0.5670789670116179,0.8191819930971849,0.07272725950413463,0.21880997870623822,0.7902656864141498,0.6640780127272167,0.8063299741569327,0.28482002684162716,0.7046588605541576,0.805607269016598,0.837643900243847,0.7854762716471605,0.6352015726300869,0.6546468389318832,0.8250129548928892,0.7670203342904061,0.6341840631540289,0.8228112711574452,0.0,0.2756933093336598,0.0,0.0021621621387874364,0.0,0.15094339266642942,0.0,0.0,0.0,0.0,0.0
p_97,0.9753968502281251,0.8215187782416081,0.698276721947617,0.8547039589290302,0.3777994120954293,0.7514554615478621,0.8363594056326448,0.8019012863443915,0.8239375531855563,0.6677281314879808,0.4093900824717199,0.8148148125793832,0.8226715266445617,0.9015722591657296,0.8074398241421924,0.8129594314920788,0.7083003924573107,0.5168350124845538,0.8401856756961326,0.2950819188390297,0.26731866122804676,0.8253092639676851,0.6949082931419018,0.834505104337895,0.6057441213724274,0.8211644969436406,0.8661943691615858,0.8790784942775574,0.8258917425469048,0.7461805549078294,0.7465576576020705,0.7989116116923448,0.8201205358828917,0.6263269572576756,0.8387763887645184,0.2413792687277123,0.36376021550572063,0.0,0.01971830958143226,0.0,0.5136054334420845,0.0,0.0,0.0,0.0,0.0
p_98,0.9733911143555464,0.803885644413909,0.6844449586300132,0.8084058630277108,0.38551099113181125,0.818505734100182,0.8623332643429885,0.8771368127167476,0.8415071021105534,0.7777364102962245,0.7482482463757552,0.7914478589968197,0.7333183537782109,0.8952870175847246,0.8203472831474318,0.7945544529871458,0.6758474540474182,0.6492851080800244,0.8545573273117294,0.40579704263810973,0.372940152879964,0.8019193296830034,0.6739268822988604,0.7978233564965653,0.4497041366898919,0.8334282457763587,0.8801619982540632,0.891714421626245,0.818379067238827,0.761278368910349,0.7711144408517879,0.8264000851054498,0.8239490424867539,0.6653696433329801,0.8357596110155285,0.10714283801020749,0.4188649047253005,0.0,0.007648183483286965,0.0,0.524590153184628,0.0,0.0,0.0,0.0,0.0
p_99,0.973651175033766,0.8278712753146147,0.6752734016701124,0.624514810393754,0.40449437697260454,0.8023278751227244,0.8428844500350945,0.8603819166192529,0.7897733367818527,0.8088030881785304,0.762464530274697,0.6343661936092045,0.742870950355556,0.8945182722823731,0.8267673040990728,0.8248560440862379,0.65150920951976,0.6351705995067546,0.8530646508370574,0.3736263325685349,0.1516129007804371,0.8233961006368241,0.6790600134074275,0.6924985677681823,0.43553628997252125,0.8379158048459534,0.8675709829698283,0.8864285006955868,0.8077557747444764,0.8060516253559606,0.7610901118737018,0.8183508982212817,0.8266909568966273,0.6485384048365846,0.8495049497941378,0.14492751522789635,0.22556390765447457,0.0,0.0,0.0,0.5624999902343752,0.0,0.0,0.0,0.0,0.0
p_100,0.975779752207087,0.8216894815102669,0.6977435943379476,0.7703442398915313,0.5412935269523033,0.8063773936918315,0.8418734622572462,0.8694773141050858,0.7621052620118718,0.7599999992475248,0.7751540021171611,0.77647058485198,0.7605769212486132,0.8827177023788719,0.8042292701121544,0.7805634510711722,0.7140725971453377,0.516877631678506,0.8193332649515318,0.2857142274052597,0.46581517305923986,0.8170530826456948,0.6766779340791816,0.8129817892900336,0.5917266133837535,0.8231232049695326,0.8668795329140055,0.8844433394107584,0.8064561392190089,0.7824259399695497,0.7624907684900547,0.7963064737866259,0.8198511145909401,0.6653882965926338,0.8388002800292905,0.0,0.4683162313318272,0.0,0.006514657927405066,0.0,0.385604103197838,0.0,0.0,0.0,0.0,0.0
p_101,0.9699209269631869,0.7976051768190151,0.6297864134343084,0.8872176030767008,0.4696569879537644,0.7720051522309486,0.8257013943393032,0.8748703551492464,0.8471821745122121,0.764283345381497,0.765114482209636,0.8053412439010645,0.7274324605151934,0.896969696817423,0.8051741736013002,0.7766497433769044,0.7351902678101597,0.43838603665882186,0.8318008722654399,0.0,0.4373127923093162,0.805679686360706,0.6416173081826073,0.8989238120813619,0.5004549544999549,0.8030794815303308,0.8596692400088504,0.8616104402477158,0.8383861930522549,0.797268906725558,0.791784700680395,0.8331699658565281,0.8179271685772348,0.7208297258355253,0.8321031478724628,0.3333332716049497,0.5590860387037271,0.0,0.006334125048819279,0.0,0.639109687772501,0.0,0.0,0.0,0.0,0.0
p_102,0.9632447108112114,0.7701969147123446,0.5865671472080963,0.8958412623643547,0.6174496614695605,0.7988009656668791,0.8353692029481724,0.8407416497785231,0.7993801059462101,0.8029667840449675,0.7152650806323925,0.8487559383596422,0.726041142182536,0.8954353931012227,0.8095996593292984,0.7637816224666268,0.732891828993855,0.5740528062680504,0.826062947886929,0.47761186901315383,0.3679131461525142,0.762182704367459,0.5926461272072973,0.891471449215632,0.47181265852721027,0.7881916096204693,0.8451197721225977,0.8472029291279184,0.8071339681914366,0.7135969133153365,0.6883384915161546,0.8238607777649525,0.8015833725839104,0.5995045367505819,0.813957862289355,0.5416666102430614,0.39647167875361333,0.0,0.012711864272120081,0.0,0.5505376225690835,0.0,0.0,0.0,0.0,0.0
p_103,0.9702163965376304,0.8178320318951151,0.6469969907980102,0.7981530338221677,0.30310558629682505,0.7752850651767671,0.8005419365199952,0.869719088216258,0.8197870672295676,0.6158786395572156,0.32538994730201487,0.7392913763125787,0.717047449869326,0.8773975312394476,0.7870412731883946,0.7600299009219289,0.67684478027051,0.6504770108371465,0.8442811200328147,0.0,0.16624040708132473,0.8212135731359463,0.6579463957065816,0.8440016214771467,0.44222221730864203,0.6866850841221024,0.8015027763859744,0.8761227103253688,0.8362225714192962,0.7788417685555479,0.7315978439596099,0.8196140572204587,0.829113922032342,0.6839126864679653,0.8409202145463336,0.2769230343195332,0.29271916573016965,0.0,0.012678288230138064,0.0,0.5322580537851199,0.0,0.0,0.0,0.0,0.0
p_104,0.9752663082141393,0.8250222568041126,0.6960936045327906,0.8006983957574377,0.2976878569698287,0.8157320912009766,0.8432779645102283,0.8874172181044692,0.8366310982734579,0.7798982181207759,0.7906276853167935,0.6942231041124347,0.7630086294377099,0.8898244057516157,0.8188094038831322,0.8272750041933441,0.6553156118965298,0.59419086643825,0.8436424510802322,0.040816318200751385,0.2475138094197369,0.8252970372753312,0.6811113073595337,0.7549885502494369,0.36728837349658,0.8287876311098078,0.849338293445334,0.8998763901422144,0.8144888277877581,0.8104102649463129,0.7643776807631381,0.8125541534489708,0.8113580226880048,0.6644067751565642,0.8411692357949397,0.055555540123461075,0.2548197799260706,0.0,0.008823529282006923,0.0,0.3283582007871095,0.0,0.0,0.0,0.0,0.0
p_105,0.9721135571675498,0.8175142895973859,0.6604838363054775,0.7480958697868102,0.5124423915903927,0.819542518914979,0.8411342045699572,0.8643200805954318,0.8119126395606716,0.820503660635378,0.7694444426633231,0.6885582314594242,0.7549974352767876,0.9092065152676665,0.8030240256803811,0.8341682023881671,0.7085005446607058,0.5987708463672445,0.8442852987087145,0.4637680487292683,0.29580573624938483,0.819995650086394,0.6770324352753941,0.7740772774119974,0.6279602702218466,0.8208174481127707,0.8544621368902211,0.8970133298290043,0.8004431850296158,0.7834306359156421,0.7560718041054451,0.8290236940035162,0.822244287928887,0.6048780438627801,0.8352520065442082,0.2962962414266219,0.35937499719238286,0.0,0.0,0.0,0.6451612773152968,0.0,0.0,0.0,0.0,0.0
p_106,0.9662631171192826,0.7563495073637755,0.6106014519348416,0.8671107346015858,0.346733663985758,0.7969500264989885,0.8319457746486932,0.8307271894991513,0.8111013866594557,0.7273754369818377,0.7243379552980127,0.801970441374457,0.7266868826256883,0.8880648310683287,0.781751441235709,0.7680722868431558,0.7104154102636502,0.5746268585245415,0.8222047649278129,0.36734686380676246,0.3039889937827442,0.7629786849735801,0.6086493379975138,0.8690734140552083,0.3984063692110708,0.7542749734666769,0.8460534817308233,0.8092084838027892,0.7867298568387007,0.6700246242780115,0.6719775054545982,0.8064586033740154,0.7355371879116376,0.6141592866003603,0.829800898403706,0.0,0.3466666648177778,0.0,0.011918950990238963,0.0,0.42578124168396014,0.0,0.0,0.0,0.0,0.0
p_107,0.9725185126713279,0.8110809745863833,0.6822252778830078,0.8796350689844714,0.31460673764535907,0.8109470023715762,0.8542395621758019,0.870698185337714,0.8337405458595224,0.7935554334666345,0.7663811049632298,0.7676138545441267,0.739612901317128,0.9115341121538759,0.8093094732579762,0.8018209383859759,0.6699123628533964,0.5480176163170254,0.8360573540197961,0.4897958683881767,0.4103746374041808,0.800713556757025,0.6698494843012635,0.8619346252081268,0.5042653980638351,0.8198332338237542,0.8659474894327261,0.844957137874401,0.8421930860045375,0.786914873678913,0.7595818797686833,0.8211495228286958,0.8370391195129774,0.6473594493410609,0.8351063821244821,0.43589738001315637,0.3881305614947741,0.0,0.007453416056479304,0.0,0.6212424725201909,0.0,0.0,0.0,0.0,0.0
p_108,0.9664960424619499,0.798668710269875,0.6428713812579091,0.8235430152500329,0.40996602027218554,0.8001556418157831,0.8400089357906905,0.8760843273875799,0.8207700980549729,0.7776434476168107,0.7616616366635841,0.7144778094375713,0.7888675608658973,0.9031484256366569,0.8014474804290568,0.7819548851182736,0.7182210397669397,0.6610558480408887,0.8372981744174088,0.5442176500532211,0.25893719556582423,0.7872720409932032,0.6208141443382142,0.8366609616298023,0.46107178502455226,0.8352643417223665,0.8591664535375118,0.8909744189998529,0.8475678089581172,0.7822618927145932,0.7133728874637771,0.7995904302340218,0.8254430667020076,0.7043544636794923,0.8362662578077025,0.07999998400000319,0.386861311044808,0.0,0.011444921152433174,0.0,0.6083788595923705,0.0,0.0,0.0,0.0,0.0
p_109,0.9704857903043076,0.8113966753664649,0.6564443604023087,0.7834018494453997,0.4548494932569733,0.8173535299942586,0.8423205652118901,0.8829910242371064,0.8264118573730102,0.7648080255018251,0.6828007502753742,0.8206415597750584,0.8382573850297229,0.8837422692034019,0.8378351823614231,0.829128984223872,0.7072463738830377,0.605263152585411,0.8468451766451912,0.6601941106607659,0.33950616934664435,0.8232828596693118,0.6733344669985153,0.8208063395051222,0.4958158943952312,0.8340359833638037,0.868343755246776,0.865937480804532,0.8287069978307153,0.8036792708318505,0.7388127837013407,0.8244415720653114,0.8155339787411742,0.6908821297933126,0.8327768760538234,0.3157894182825582,0.4886877796464914,0.0,0.006467259446505583,0.0,0.47755833972067613,0.0,0.0,0.0,0.0,0.0
p_110,0.9757152920655835,0.8063529768810235,0.7010939404826478,0.8412493065786133,0.3354231922347462,0.7977415377037799,0.850630918035857,0.8821736655394526,0.8457918344688719,0.759940798460838,0.7308688468781049,0.5903337135193687,0.6134751751295207,0.8950156604742632,0.8212487942366405,0.8071216595437775,0.6459446301799677,0.5806451570333933,0.8457121332526479,0.41935477107181107,0.35072711419395114,0.808253910409164,0.7003065288149714,0.8310791687900633,0.4536912690779696,0.8246472299226175,0.8633654133761788,0.8752856671698305,0.8493710344593366,0.7799980497319446,0.7825700293851267,0.8013719350334189,0.8015706785299197,0.6408995035776563,0.8244564693587236,0.3999999500000062,0.4196301534876945,0.0,0.0058097312577361565,0.0,0.4877049080388339,0.0,0.0,0.0,0.0,0.0
p_111,0.9708774519764243,0.7773024314819006,0.6592041200853338,0.845364670376159,0.24694707941727165,0.8104260087414724,0.786282854219183,0.848147376744303,0.8054141303794684,0.713581983800561,0.7719298227794787,0.6999260875834217,0.7993797232033734,0.8865809686301573,0.8089171966715719,0.7620463986851683,0.6265822764981573,0.5066666618412698,0.8069064740461329,0.146341427721603,0.2844444419160494,0.7612146996913779,0.6269017409217594,0.8537583455292879,0.24868651053088425,0.801943586834354,0.790303852005344,0.849025323930129,0.7748834025993819,0.732534181745145,0.7729509934240296,0.8162024315258901,0.7643350322295556,0.6733128782721405,0.8282577557725463,0.039999992000001594,0.3067484641666771,0.0,0.011940298329249279,0.0,0.005747126271634303,0.0,0.0,0.0,0.0,0.0
p_112,0.9761544500828582,0.8324768342301273,0.7056566945140138,0.8594131440048762,0.3945068614917995,0.8114071249576619,0.8351142666999483,0.8763202361236163,0.8333728361775624,0.7871231849766253,0.749189888206546,0.7910720790666956,0.8065252841655379,0.8955602229130947,0.8155051047729701,0.7986870875309434,0.6810881655814874,0.6369529932175608,0.8384294641778758,0.19607839292580528,0.3922883454125034,0.8330916709268259,0.7050652584626278,0.845861193886407,0.4738675903151267,0.8373272543560828,0.845872400316922,0.8727653992803327,0.8139093273036918,0.7719755429768713,0.7828337270156702,0.8287270917991807,0.8316881781025356,0.6409017661763143,0.8493003221660385,0.3137254286812885,0.45543265806484934,0.0,0.0025380710337808247,0.0,0.39578946535180076,0.0,0.0,0.0,0.0,0.0
p_113,0.9722029345528093,0.8056702634707743,0.6854926352572712,0.870820726563203,0.5028571380680272,0.8051143854122141,0.8641246184375042,0.863452145451807,0.7990410665008953,0.7504784085610463,0.7126385793511341,0.7872097419596127,0.7726625515598896,0.9004594710185592,0.8120459083794399,0.7906588802038952,0.7067861685583177,0.5918551982637539,0.8241941452165671,0.10909088925620194,0.4582623470335405,0.8109896825723212,0.6884508034146944,0.8523793838085051,0.45720039821550457,0.8215937134204436,0.8618861553061703,0.8443485293529277,0.8156135423597007,0.7525507934055977,0.7713264833154836,0.7776615762626422,0.8532742470377296,0.6367712947374772,0.8069677167405399,0.16326527280300554,0.32732967637173316,0.0,0.004651162736614387,0.0,0.4594059314969123,0.0,0.0,0.0,0.0,0.0
p_114,0.974425147357273,0.8128603270143251,0.6918895249080015,0.8729830093420806,0.27317072726551667,0.7773357442369292,0.8107090041009299,0.8803865827854539,0.8412165809706499,0.8197506392372631,0.7537918122713655,0.740595608383246,0.7116532553551693,0.8932502920581897,0.8287204163370233,0.7828270128475344,0.7250332865345096,0.6072931233710159,0.8283658779516343,0.49999994791667207,0.4215747029040626,0.8095443243313222,0.6788207403413509,0.8840180783348565,0.4553794791044247,0.8036704964626322,0.8289050172975068,0.8859155758179412,0.8445574762517218,0.7576417305951043,0.7817685343798183,0.8330937829382916,0.8101037419708982,0.707224330118984,0.8304941168654173,0.1707316864961358,0.4490216248763047,0.0,0.006830601046239064,0.0,0.6235293995386393,0.0,0.0,0.0,0.0,0.0
