TransMorphDiff_NCC_SEflowreg2,,,,,,,,,,,,,,,,,,,,,,,,,,,,,,,,,,,,,,,,,,,,,,,
,Unknown,Left-Cerebral-White-Matter,Left-Cerebral-Cortex,Left-Lateral-Ventricle,Left-Inf-Lat-Vent,Left-Cerebellum-White-Matter,Left-Cerebellum-Cortex,Left-Thalamus-Proper*,Left-Caudate,Left-Putamen,Left-Pallidum,3rd-Ventricle,4th-Ventricle,Brain-Stem,Left-Hippocampus,Left-Amygdala,CSF,Left-Accumbens-area,Left-VentralDC,Left-vessel,Left-choroid-plexus,Right-Cerebral-White-Matter,Right-Cerebral-Cortex,Right-Lateral-Ventricle,Right-Inf-Lat-Vent,Right-Cerebellum-White-Matter,Right-Cerebellum-Cortex,Right-Thalamus-Proper*,Right-Caudate,Right-Putamen,Right-Pallidum,Right-Hippocampus,Right-Amygdala,Right-Accumbens-area,Right-VentralDC,Right-vessel,Right-choroid-plexus,5th-Ventricle,WM-hypointensities,non-WM-hypointensities,Optic-Chiasm,CC_Posterior,CC_Mid_Posterior,CC_Central,CC_Mid_Anterior,CC_Anterior,non_jec
p_0,0.9749531482784304,0.8120890086343663,0.6891832669224647,0.8590973622772029,0.3572241142522854,0.7714326673106583,0.8215113988811454,0.848475467756036,0.8218303002057628,0.8000785923960324,0.7833784096794236,0.8364137907960998,0.7330996476387089,0.8971479183530295,0.8281891161211515,0.7998137783989437,0.7111745779679594,0.7004291785370886,0.8313147263197168,0.32727266776860586,0.2349775763679141,0.8109151866776697,0.6747630737305085,0.8175347094104344,0.46497461456878564,0.720246270253316,0.8258988425511913,0.8813917291677458,0.7880814825356013,0.7528594763553315,0.7516879201008053,0.8147454445643236,0.8112256066405928,0.6501766738503415,0.8338546779570519,0.47761186901315383,0.27420736697337306,0.0,0.0033030552989012775,0.0,0.478873231005753,0.0,0.0,0.0,0.0,0.0,tensor(0.)
p_1,0.9735126018898685,0.8039121517619497,0.6825458256513167,0.8206470023664088,0.19963031054287783,0.7929511231670187,0.8254944354446708,0.8595150099430391,0.8211629881492588,0.7750269100148821,0.697122155972787,0.6595149222970386,0.8340521266940707,0.9072651702564812,0.8067402886455253,0.746132384615439,0.6148007560967705,0.5802161215277131,0.8320166673912521,0.0,0.22559652683734788,0.8118351403082963,0.689333237141824,0.7658217752544064,0.12440191189151656,0.7977643266626563,0.8636541396470465,0.8908103543571412,0.7377725389065733,0.7566520707673863,0.6913907271686079,0.798386356653171,0.8047091394166456,0.5786666628088889,0.8187680291712472,0.041666657986112916,0.2710779053246755,0.0,0.0017094016947914385,0.0,0.32861188870787855,0.0,0.0,0.0,0.0,0.0,tensor(0.)
p_2,0.9752451556079414,0.8257139003145889,0.7060640749887558,0.8718291688378019,0.5513392795609455,0.8150352918856378,0.8576170763719455,0.8801802330703858,0.8470618413560921,0.7824171204548709,0.7556524087288139,0.8006843421698702,0.8401231199708074,0.9035190233358341,0.8412044365121982,0.806803080502782,0.7099530085008414,0.6188557564959246,0.8712777082377722,0.4637680487292683,0.3599221754871384,0.8101266218853513,0.6857423963509014,0.8468432840076161,0.5824175770840881,0.8464617166918613,0.8766222950510153,0.8922333025734462,0.8261205553501796,0.7182771941266956,0.7417840355101242,0.8274463762379187,0.8234126963705042,0.6602620029671441,0.8578066006603363,0.0,0.29368029466839873,0.0,0.0,0.0,0.4663677025478094,0.0,0.0,0.0,0.0,0.0,tensor(0.)
p_3,0.9706152344298262,0.8082042464711326,0.6602039600254958,0.8385456951936425,0.40552016554649506,0.7476359958832348,0.7407561936566084,0.852499070031073,0.8007497104948822,0.7835051539306338,0.7557139845759825,0.7752847746797211,0.7233942786605854,0.8969539631538673,0.8068742871184255,0.7894876538638501,0.7278810381863158,0.6548956608756368,0.8464060522518655,0.17391300567108572,0.3021582709659611,0.7988761556822994,0.6539098571891299,0.8778009909967633,0.3185840667688487,0.7921074928478131,0.8332344450481508,0.8623294484614807,0.7949682261769314,0.7018469650819288,0.7101727432071385,0.7947161720861156,0.7477522458847347,0.596752364027386,0.8343537114474833,0.0,0.3629893216904548,0.0,0.005899704956738398,0.0,0.08026755584389446,0.0,0.0,0.0,0.0,0.0,tensor(0.)
p_4,0.9738437242379953,0.815734461998083,0.6813961242615048,0.8870938970857194,0.4914004853636304,0.803315934662783,0.8528158058967404,0.8437602353729882,0.8498317862678848,0.8235606254324218,0.8083548647537578,0.7911764676794982,0.832268660645613,0.9047568333502384,0.8403264733413881,0.8277497751919662,0.7053140070408249,0.5997322583685927,0.8321267845508444,0.38709671175859484,0.3915275969735071,0.8199170922718549,0.6929095688706379,0.8730933073817874,0.6194852884238484,0.830334817091439,0.8531068443306403,0.8639301691266061,0.8480777171888407,0.8031481643606222,0.8183836571527895,0.8390136318774923,0.809457577720563,0.6519706035272504,0.854533217138224,0.146341427721603,0.5328685232426866,0.0,0.007136485217337331,0.0,0.5908256772325564,0.0,0.0,0.0,0.0,0.0,tensor(0.)
p_5,0.9726068293295742,0.8096891547692718,0.6768473528017662,0.9016077168002122,0.3388116265636963,0.7817720858149346,0.8283649502516615,0.8736758167936691,0.8371431687223634,0.79919934419143,0.7393341535404829,0.8325722962136674,0.7764763280222637,0.8900751531557966,0.809134422807006,0.7704141989041,0.6364683276911004,0.6421136858117399,0.8465181892104019,0.3076922485207214,0.35718890807744097,0.8104893941009882,0.6768005739193027,0.9119902755442392,0.49852506639343563,0.7865591750523494,0.8400169600589129,0.8696864951369314,0.8525896405403758,0.8316101763628426,0.7845709766870349,0.8391173317399462,0.8168873324584378,0.6802189157136911,0.8475418683440931,0.2909090380165385,0.4658418479513618,0.0,0.003978779814464325,0.0,0.5670497975660959,0.0,0.0,0.0,0.0,0.0,tensor(0.)
p_6,0.9678416776394233,0.801407436030952,0.628318311391555,0.9121666216265757,0.48526522116635346,0.7257333208277659,0.8242136790589378,0.8335549640771526,0.7898276063212769,0.7396318465961057,0.7896608944992628,0.8291023270633281,0.8061818167160331,0.8703126131735851,0.8274344389992349,0.7638709657706555,0.7096466059711241,0.6134831391743467,0.8231546365494179,0.2903225338189461,0.3977432976181714,0.7889334814451237,0.6081596539119944,0.893504901687039,0.32905982554423263,0.7603326175733874,0.8493213613942144,0.8585043983024778,0.8026083103419449,0.7218196000425693,0.7553097328422351,0.8207255708176135,0.7954768908665759,0.6506506441376312,0.8100502505161715,0.07547168387326719,0.4244214651677919,0.0,0.003634161092464197,0.0,0.1367521328560646,0.0,0.0,0.0,0.0,0.0,tensor(0.)
p_7,0.9766780654773427,0.819604517775967,0.7115773231979473,0.839083736888564,0.46594273972415856,0.8152817813491046,0.8524319977103911,0.8904212903294789,0.8308048330794486,0.7764937733794735,0.7411930466388139,0.8020030785747184,0.8226471675615914,0.8841941776742873,0.8284428786889252,0.7786885223106308,0.7170915139277412,0.5847953167519189,0.8506168071987117,0.31999993600001275,0.36215112074778,0.8208006704414967,0.7072286338009978,0.8850736606322762,0.34676434253034993,0.8375634515109253,0.8644233776597512,0.8945005606652634,0.8364179781165445,0.7679309387749739,0.7427314909779342,0.8400916600178423,0.8229007612648835,0.653219544971144,0.8517608508888608,0.29999995000000834,0.4910105363235553,0.0,0.008255933867327824,0.0,0.496527769157504,0.0,0.0,0.0,0.0,0.0,tensor(0.)
p_8,0.9744421180850295,0.8252643614203111,0.7014521449253698,0.841840011442344,0.5639097691361864,0.8124571847993736,0.8531974847461844,0.8611324056176035,0.83613090105527,0.7947342751879725,0.7971014473499966,0.795644280233596,0.7826986738768653,0.894321187023523,0.8333333324049317,0.8120256835609291,0.6773831750378199,0.6420497314088189,0.8631310362100136,0.3999999384615479,0.3616830764397218,0.8164502065744123,0.696995259720023,0.7789165439850861,0.6005267726029256,0.8384162803517561,0.8691941863530955,0.8921117409332593,0.8251579077742804,0.7874810693715487,0.7792462046518692,0.8433249361780102,0.8428686520470893,0.6923669954327911,0.8547780277889597,0.05128203813281073,0.3004219383930638,0.0,0.0,0.0,0.5417376398341118,0.0,0.0,0.0,0.0,0.0,tensor(0.)
p_9,0.9709743176070559,0.8266591731401364,0.6670833213233046,0.9028975887793359,0.3272727218632608,0.8191933662106534,0.8545027538754647,0.8830650037022969,0.8526354398280109,0.8246905022727985,0.7401330360529201,0.7159709586389702,0.8141914923488937,0.9107745980568654,0.8115906278525393,0.8086592150535641,0.5706241174536644,0.6710050566087848,0.8353646345301052,0.673469319033743,0.39365917837741626,0.8193596757606695,0.661548116468648,0.8976327776156904,0.4649999941875001,0.8387192849326226,0.8403825506554514,0.8811119989660422,0.8232758611351226,0.7958477501207821,0.7817634788665506,0.8255328998777423,0.8186124245789567,0.659056311574914,0.8324335328181384,0.07407404663924198,0.38870056277570303,0.0,0.006334125048819279,0.0,0.525458237770708,0.0,0.0,0.0,0.0,0.0,tensor(0.)
p_10,0.9704268876541323,0.824233539121066,0.6484986302772252,0.8207100895042314,0.2584541031587669,0.8146142709444555,0.8450867937484777,0.8730690996245016,0.8304236015287271,0.7866577964585596,0.77986512336256,0.7698289239120181,0.8351403047909115,0.9018903718236515,0.7854800398219156,0.8108263725573671,0.7253928836832386,0.5891325015335319,0.8500730452428114,0.0,0.38976673897842934,0.8292843997800268,0.6618745129144986,0.8383671969989828,0.43795619981276124,0.845317658199716,0.8742207166852803,0.8960470272352906,0.8352095472193007,0.7913334565823569,0.7495162314566411,0.8126735924157251,0.8009084007042432,0.6433823470277358,0.831119181084661,0.456521689508512,0.3921302551415858,0.0,0.0,0.0,0.45497629253610683,0.0,0.0,0.0,0.0,0.0,tensor(0.)
p_11,0.9690072595547097,0.8105382591297584,0.6803628931066801,0.8958420964582294,0.6003316699806661,0.8144902490698315,0.8333238989560934,0.8904191611434616,0.8373465523638497,0.7170661373967687,0.7306486599212717,0.792941173361015,0.7637061382573844,0.8825108063666418,0.851485147671797,0.7981798693838869,0.7251766428963308,0.5333333285925926,0.8576842096234903,0.0,0.466771321471631,0.7982859758533031,0.6604483952927689,0.8969408221862648,0.6846725139454928,0.8231266898904164,0.8543473977736342,0.8869077936277969,0.8380492283896375,0.7309712532413607,0.7776104398152348,0.8522283025290966,0.8365561675033237,0.6708171154022015,0.8653946399067932,0.318181745867785,0.5240882461770002,0.0,0.00782268573779214,0.0,0.5182481657253984,0.0,0.0,0.0,0.0,0.0,tensor(0.)
p_12,0.9700046512622086,0.8144644822485063,0.6527822441450266,0.8695299535964867,0.439414108662928,0.8125056636129347,0.8288314238409931,0.8857938713728168,0.8298755176883515,0.7708578135125972,0.7809991061975935,0.7399176924283222,0.778107762456284,0.9054624103165372,0.8282035799354219,0.7849809305222032,0.7281837130347235,0.5034964990953104,0.8229880732247271,0.0,0.42837653186646296,0.8088367884066612,0.6378362284913078,0.8472321698315604,0.3617834348817397,0.8194518205326039,0.8487993081321893,0.8713919174303015,0.8417421293211059,0.7903259281811025,0.7740440306511147,0.8311839417907652,0.8350916134506062,0.6450115959395855,0.8470588227508651,0.0,0.39185392983248646,0.0,0.0034376074134148935,0.0,0.570841877395444,0.0,0.0,0.0,0.0,0.0,tensor(0.)
p_13,0.9786987646385258,0.8411664479483388,0.7103743962178868,0.8470716421427014,0.4272363093826928,0.8012862711294662,0.8471067415135459,0.8784590618978978,0.8468301702373552,0.8012606238169605,0.7371794854918052,0.7193347155959734,0.7340425512392484,0.892534527642304,0.8346423700548306,0.830069122033211,0.7183741156434088,0.5479901513700562,0.8477968050338688,0.37499995312500584,0.30110158750181654,0.8405783762261875,0.7070156358029694,0.808628005085836,0.668539321147898,0.8102825144285358,0.8589735839355368,0.8951656703448313,0.8553488362147107,0.77284595225525,0.7776076956536023,0.836467701516284,0.834294307259227,0.6204379505434494,0.851791685760352,0.11111109053498323,0.3544303765422208,0.0,0.002081165430997238,0.0,0.5384615275615076,0.0,0.0,0.0,0.0,0.0,tensor(0.)
p_14,0.9778157301610284,0.8257482386285,0.7061784910666424,0.8173543280729824,0.5343659193188197,0.7927035828553215,0.854359657558896,0.8817250437795822,0.8270521414209446,0.789697944522585,0.7591911747261233,0.745278669989504,0.6568828862433728,0.9153539095952394,0.8245286919157565,0.8027941945115685,0.7464368553316644,0.6011465962232057,0.8471582173126362,0.5641024917817318,0.2921348278135477,0.818415825354142,0.7023859808300444,0.7788257279472974,0.5346061988710478,0.8310013641801542,0.8709853931806575,0.8775966409260146,0.8076369807667884,0.7701360077456004,0.7582469350653936,0.8321225984355433,0.8577277357785882,0.6449044534641365,0.8519555761931863,0.2399999520000096,0.25256673251984874,0.0,0.0,0.0,0.5047801050711261,0.0,0.0,0.0,0.0,0.0,tensor(0.)
p_15,0.9632827050156172,0.8013317040703385,0.6026290280115201,0.9177452131463939,0.6168929063582738,0.8165394052302497,0.8304115797331376,0.879929332525756,0.8276831732109309,0.7984851496925601,0.752732949628493,0.8387242686298931,0.8628397245836428,0.9048665378403679,0.8429045012908732,0.8341553611770796,0.7333666796730031,0.5623632323592644,0.8518673055999716,0.6391751918376091,0.47160068576247455,0.7786633720420287,0.5966140654564114,0.9201477937578465,0.6063157852188366,0.8307146654262406,0.8269691979740798,0.875374674698345,0.8271639287125467,0.8026919539077272,0.7688325116002265,0.8308586846320645,0.8269230745844935,0.5752808924125743,0.8538155063297421,0.292682855443206,0.4538947349309695,0.0,0.005830903747588165,0.0,0.6270491674785007,0.0,0.0,0.0,0.0,0.0,tensor(0.)
p_16,0.972668650764607,0.7944056376837978,0.6621919624973253,0.8872481365970024,0.5745856308241071,0.8167360945225873,0.8518868915660224,0.8383436654355225,0.8165663903504039,0.7235925221506554,0.7091388385124366,0.8161073798117201,0.7786920728049112,0.9133302006070725,0.8390475241191112,0.8226744162131557,0.7381776211527196,0.6101694854419792,0.8071974633533494,0.36111106095679707,0.3645484929512347,0.7956826854207455,0.659799296129672,0.8708932988415671,0.4230366447849566,0.8121697114066712,0.8720936348716404,0.8463081353602181,0.7114054441333253,0.7196478212237629,0.7189927652853126,0.8382570883921974,0.8243847851667092,0.7024029509944275,0.8204985628574751,0.06896550535077493,0.42297649909672846,0.0,0.0032414910333631924,0.0,0.47602130593212605,0.0,0.0,0.0,0.0,0.0,tensor(0.)
p_17,0.97150338010617,0.8084065440875974,0.6562840396947666,0.7721982754460138,0.56302520614128,0.8131118360493642,0.855937155053348,0.8245077897778128,0.7998594673851043,0.7647106038655289,0.6934032970513432,0.8023295621708476,0.8155018204446807,0.9254242469155444,0.8196312453730905,0.7968957853727366,0.7183951524663317,0.6710613007840389,0.7822024465834613,0.1034482580261624,0.3436293403124581,0.8076383682060303,0.6645502549693535,0.7918812847731903,0.3518072246770214,0.8036298997091332,0.8663561168193648,0.8207866895240903,0.7605697997030544,0.6886776139250842,0.6332433462529052,0.8295695448155871,0.8020126869349975,0.6408114520237981,0.7989292536910675,0.09756095181440198,0.3919129051950785,0.0,0.004489337772285771,0.0,0.5497470396332709,0.0,0.0,0.0,0.0,0.0,tensor(0.)
p_18,0.9743622526864759,0.8249834002097999,0.6837180793079976,0.6523341517617286,0.319488814488937,0.8295023226461292,0.8410026239849591,0.8619728602083553,0.7356683710669443,0.7940837828411268,0.7816700595078003,0.7233848920683126,0.803026602872769,0.9015403093157739,0.813284417056107,0.825496340581253,0.6922725162676153,0.6189069378219576,0.8436252434862608,0.40579704263810973,0.21890546991411108,0.8338915767149897,0.695278329935396,0.7482421533628519,0.5222929888781348,0.8490838955975518,0.8645458575275243,0.9019383667297519,0.7769765635114905,0.7580016928382712,0.768612438720359,0.8192792785411899,0.8070256510121895,0.6558823481185122,0.851867535485841,0.1846153562130221,0.30558482291269945,0.0,0.0,0.0,0.4223300868366484,0.0,0.0,0.0,0.0,0.0,tensor(0.)
p_19,0.9719845270402527,0.793468850041024,0.6613301259280978,0.8326675538439747,0.3716814118176835,0.7708308330791569,0.80161457651394,0.8360109479733363,0.786724699691615,0.7086682590607558,0.7303199575156933,0.7960937468902587,0.7358193257987937,0.9016972410442378,0.796434790701327,0.7966854075268263,0.7324738084912417,0.5399567976246566,0.8220834564158158,0.0,0.20770128112367234,0.7929983140092107,0.6541735036930437,0.8326639887331566,0.315484800065343,0.7885964537632134,0.8279395684859464,0.8755354144419049,0.8075034611513239,0.7258646289774404,0.7344975936864145,0.8012732086989144,0.7587200900584603,0.6116666615694445,0.8268122527279221,0.0,0.33940397070029826,0.0,0.00918836126817211,0.0,0.32857141683673513,0.0,0.0,0.0,0.0,0.0,tensor(0.)
p_20,0.9676540231884421,0.8037075871729061,0.6349572265685025,0.7364507359241736,0.12030075007066542,0.7836702609162952,0.8181285517053314,0.8367192030911643,0.6936772736665117,0.7404574307806491,0.7221820796203359,0.6957941988738496,0.7447004591135935,0.8908961176513968,0.7790785491134077,0.7681638019545448,0.6402849202996244,0.5851449222360061,0.8290903439699703,0.37209297998918833,0.11190817629973923,0.8012322516117653,0.6232771155839045,0.7567776312993144,0.6296980860770297,0.7545250953090435,0.8095134191007783,0.8785459653167917,0.6990746765292914,0.7323310595688693,0.7169523795867574,0.7904813018514213,0.7819253418911459,0.6358228642708337,0.8312902230835962,0.12499998046875305,0.32507739686472603,0.0,0.0,0.0,0.21538460986193309,0.0,0.0,0.0,0.0,0.0,tensor(0.)
p_21,0.9745240999815259,0.8225974367731864,0.6708125380722347,0.8862065606002121,0.5750636095733868,0.8164125198594471,0.8219876017852488,0.8924826027185717,0.8583221536907212,0.7716257145980935,0.7648851843834888,0.7731995672762466,0.7589383620115413,0.8915541220030312,0.8405058836812701,0.8261993656242477,0.7149867847678868,0.6551204769945748,0.8616840781661897,0.2413792687277123,0.4331576404736097,0.823382496065684,0.6831385955504928,0.8800521009538934,0.6608811704881097,0.8002574994720593,0.8423370714042099,0.8804860160885691,0.8457923955085515,0.7759609615820897,0.7948866922431016,0.8575843412674183,0.8164238388968904,0.7162258705058908,0.8563081001714846,0.19444441743827534,0.49795918141515105,0.0,0.0038113387145719923,0.0,0.7025571910826758,0.0,0.0,0.0,0.0,0.0,tensor(0.)
p_22,0.9704964565217852,0.7800783780263028,0.6703399269797921,0.6862178158569339,0.25179855813191176,0.7875713979125515,0.8167806562958545,0.7910759931252261,0.7022027495409484,0.6140191988643188,0.5301366781758085,0.5784195724892917,0.6662371119711402,0.8610125876519554,0.793409847470002,0.75602699914169,0.5323925576254247,0.6312335916585723,0.7808859784194491,0.0,0.11363636179161751,0.8039185039060012,0.6823159997757576,0.6231071692268827,0.2649402364049777,0.773630960666897,0.7870128961809658,0.8659320473084726,0.7158403859789865,0.628994821791649,0.6824442275801276,0.7817816937598974,0.7616184953488591,0.5947521822539928,0.7812181007305052,0.43809519637188604,0.13891726109379712,0.0,0.0,0.0,0.46323528560229255,0.0,0.0,0.0,0.0,0.0,tensor(0.)
p_23,0.9729383415685181,0.813573953451436,0.6712072120273772,0.8658412231775474,0.4673123430107465,0.7916330372182689,0.8294332869622241,0.8465183349574998,0.8462078641781275,0.8238530299402171,0.7665116261243916,0.736242880757861,0.8176369845512907,0.8854901217722865,0.8224752257827586,0.8277286111276442,0.6588894042982295,0.5950676165865743,0.8519003923872867,0.6666665777777896,0.30752212049201194,0.8127966916952958,0.6589909467057851,0.8736914088728016,0.616279064648845,0.7529961997581125,0.8259686737669548,0.8820196904009572,0.8520945461594962,0.7788041815259322,0.761177751884018,0.8358056257434213,0.8438775488676593,0.6178988278762737,0.8578689750961324,0.40677962654409944,0.44583008226165177,0.0,0.00360036000359712,0.0,0.5345132648758715,0.0,0.0,0.0,0.0,0.0,tensor(0.)
p_24,0.9658702303131146,0.8040499932612926,0.6153713908174705,0.8804212165052959,0.5257393151616724,0.788212597984675,0.8266324454377103,0.8710477365957546,0.8113471201630141,0.7921750912336093,0.7558787860463545,0.803309991077944,0.7781569948164802,0.8920729859001981,0.8466796866731644,0.8121798497092206,0.7781170463661143,0.5619335290842545,0.833033392488469,0.2903225338189461,0.4156339351018401,0.7962650569625174,0.618670728769595,0.8806525340023069,0.48902820805613156,0.8347488756473538,0.8438747491599136,0.8633606398202985,0.815462752799855,0.7756880238277675,0.768973745181447,0.8549454820337369,0.8049792508852579,0.6918604584122049,0.8281072122238361,0.15789469529086964,0.5340153425370059,0.0,0.0,0.0,0.5657708547981491,0.0,0.0,0.0,0.0,0.0,tensor(0.)
p_25,0.9690800854414442,0.8096591808935617,0.6353084874662521,0.8834235804774067,0.40425531437050455,0.7815511932225989,0.820877329684581,0.8461111722810878,0.8365306662570513,0.7135486757362621,0.6847256984185621,0.8007207178352406,0.7939478383556683,0.9064998939908959,0.8470215008397767,0.8241034378528826,0.7245408984785437,0.5708699846444772,0.8251465915359545,0.18181814049587713,0.3083333307638889,0.8110202081312489,0.642958581333156,0.8732861754985215,0.5523978636554364,0.7982171797125042,0.8067393180119756,0.8677255086883332,0.8232342230294389,0.7042441787855139,0.689762379103348,0.8247309859340407,0.8466257646128947,0.6872322134770161,0.8159270162349834,0.0,0.3465658453272474,0.0,0.016348773619226518,0.0,0.5064377573725803,0.0,0.0,0.0,0.0,0.0,tensor(0.)
p_26,0.9750469196737709,0.8132997180532469,0.6925653066213523,0.6547854780076028,0.22822085609544962,0.7609747395355996,0.7983361731412009,0.8643408783678611,0.6666666658591731,0.7091456923882083,0.7063862914595282,0.5623003158958446,0.6662546332934034,0.8909107962212877,0.7646872014769904,0.7402985050073018,0.6031584279003647,0.5228426351705361,0.7662212197985661,0.13333330370371027,0.10801963816661804,0.8084202635894076,0.6777367484048411,0.7490710917768384,0.5213270092765212,0.7253442165481131,0.7975408981419513,0.8882158585417314,0.7102100270605681,0.7152229716504488,0.7187748593500898,0.799785406867183,0.8382213786243412,0.609247501276088,0.785013531135814,0.0,0.20280474430631346,0.0,0.0,0.0,0.21709006427043734,0.0,0.0,0.0,0.0,0.0,tensor(0.)
p_27,0.9619851151963423,0.7795189240317352,0.572279652320714,0.9060202660627815,0.6020347061517971,0.8090611129712384,0.8252466568516839,0.8277081142199039,0.8034387594953951,0.7769709536851911,0.7673064464798223,0.8355108863726786,0.7962822443166119,0.9162539702660176,0.838490715872938,0.7926078001621909,0.7052361746421231,0.5698323969289348,0.8319753749484199,0.4788731719896941,0.4986760789996642,0.77396619070177,0.5800660471456868,0.9012130987656952,0.6557120475128636,0.7720248903528076,0.8015748357838147,0.8619160434591361,0.7785156242397309,0.8173479376459633,0.75126669564425,0.8213701609836724,0.8309471342760265,0.7268252606495057,0.8435705578183657,0.3103447740784872,0.49401386107746104,0.0,0.00767640977952049,0.0,0.6133333251555557,0.0,0.0,0.0,0.0,0.0,tensor(0.)
p_28,0.9759880517625584,0.7996990739425609,0.6995112111001988,0.7468257017142326,0.3902438976799525,0.7849559198063901,0.7944308060634256,0.8201733938565426,0.6350203599359856,0.6748559804516638,0.6631984572963421,0.6147091074933638,0.6915945590494605,0.8960279484893999,0.7975746261216655,0.7750401693223348,0.6123156955233491,0.583208391430222,0.809967189137211,0.10256407626562146,0.24981522357860145,0.8033824266766407,0.6883700395440825,0.7682595704804103,0.27079934305384434,0.7391593408832189,0.8000112435577599,0.8806494979415402,0.6546059926141998,0.6883983567005489,0.7177342696868766,0.8123941408664002,0.7943690276662417,0.5580823567419646,0.8386056090701626,0.12499997395833876,0.3733509210201127,0.0,0.0,0.0,0.0,0.0,0.0,0.0,0.0,0.0,tensor(0.)
p_29,0.9696582196024843,0.8133367800056533,0.6417013421018891,0.7629731484671252,0.29446063710698783,0.8200510557391387,0.8485322320330553,0.8607245294482501,0.8160786570039349,0.7278508763949004,0.6084679166118117,0.7734976857723509,0.7843294007908668,0.8960879638790058,0.8038025881838566,0.8020743278534302,0.7118373825753791,0.5842696574506586,0.8507709723401247,0.17857139668367916,0.0785907848429433,0.8125149128958591,0.6306406955750194,0.82747068621275,0.3888888839786757,0.8483561996250695,0.8677988770171644,0.8778574625292148,0.8031081579106303,0.7665688548350007,0.7577960122912168,0.8177330357005779,0.8389529706323138,0.59909501720276,0.847657625178181,0.361904727437645,0.1975103718048932,0.0,0.0064205456433299255,0.0,0.3903508686326564,0.0,0.0,0.0,0.0,0.0,tensor(0.)
p_30,0.9745697398236448,0.8229911933889678,0.6898824062284028,0.7629286875592484,0.3147699719761505,0.842737211820886,0.8705496619780142,0.8554416784502481,0.822963367060729,0.779669717823505,0.7572016444505054,0.6980033248835136,0.7760406075613389,0.9175310116697756,0.7907200608483634,0.799185096626353,0.7070140252223887,0.6417791847356697,0.8400266615230573,0.449999943750007,0.29056603499466005,0.8188196372974996,0.6722490218328513,0.7738315096080185,0.44243791825690837,0.8478440606198872,0.8628118679896729,0.8925996602562555,0.817005960165329,0.7923216938670183,0.7641400523968064,0.8133493567409177,0.8184647281678818,0.6919999953866667,0.8399325348647237,0.3050846940534417,0.3350402316383304,0.0,0.001745200682851652,0.0,0.5708812151172181,0.0,0.0,0.0,0.0,0.0,tensor(0.)
p_31,0.9739777339426287,0.8169060714331019,0.6735146112800628,0.9012132840317427,0.5532302042472229,0.8335120407936035,0.8376420863348826,0.8690088408160721,0.8377181546786687,0.7648643041590385,0.7734225602929672,0.8307066577765463,0.7288842525315843,0.9048073392835215,0.8284543902203473,0.8178736492515449,0.7694031920162421,0.5780240020496399,0.848400555541585,0.511363607308886,0.48416018837919794,0.814561119269291,0.6576480130722152,0.9042304883646133,0.6561014211085466,0.842309501163479,0.8378476031008962,0.8542335960499681,0.8387251944212566,0.7410916129388615,0.7697680200305113,0.842420610303155,0.8213200750584919,0.6911906999884734,0.8503980736434011,0.23809518140590918,0.5539387829707035,0.0,0.007670182093286845,0.0,0.5535420007653706,0.0,0.0,0.0,0.0,0.0,tensor(0.)
p_32,0.9755025139813424,0.8103978325659085,0.661605437185156,0.8109156745920101,0.24424778328764987,0.8257682841668581,0.8481128419090046,0.8844666175881682,0.8237511770247056,0.7510229768638936,0.7483840058693225,0.7117926985098219,0.7168246424264673,0.9071933519273785,0.827326518744135,0.7848016113490194,0.7076050982163198,0.5468025899276868,0.8432371242753848,0.0333333277777787,0.2405594371949729,0.8125206629090465,0.6716442648825027,0.839104476985743,0.38540478465901046,0.7666125970454423,0.8455190170454076,0.865365683672844,0.8514641568153384,0.7316486153247472,0.7659282923819861,0.8160919532280422,0.8252893005213398,0.6018237021091823,0.8466584268023021,0.31111104197532397,0.3189568674126693,0.0,0.00902934527054915,0.0,0.4630350104467897,0.0,0.0,0.0,0.0,0.0,tensor(0.)
p_33,0.9722102338834201,0.8211836593656789,0.6520741535842709,0.9170680406105651,0.41538460899408297,0.7926782172353632,0.8263559218906685,0.8955370274058748,0.8313638591440622,0.8041780546620675,0.7435487537256251,0.8249166859140817,0.7472641981572063,0.8974395649947361,0.824420364878923,0.7763630402338784,0.7328188139183431,0.6790505605877135,0.8552251320450964,0.7012986102209596,0.4429795620106819,0.8189463545248596,0.6548844461586472,0.9129325011591228,0.4696569858884303,0.8355020682373067,0.8564310929956418,0.8968340256496105,0.8276458941300125,0.7958700380829118,0.7840622835263058,0.8349900587199138,0.8344098624943926,0.7120141279857409,0.855908321570629,0.05714284081633119,0.44623655614088337,0.0,0.005563282297890944,0.0,0.6292516899787128,0.0,0.0,0.0,0.0,0.0,tensor(0.)
p_34,0.9692881550159967,0.8139690556355272,0.6723800263051816,0.8646497373068539,0.5431684782634663,0.847296099056046,0.8584977360898983,0.8882944570467074,0.8430904013907902,0.7564253311301652,0.7460854829748509,0.7669046586858267,0.8244529800827577,0.913602652314178,0.8431822520145513,0.8201925557632251,0.7014985795808076,0.6362896612181476,0.8604287415029638,0.26470584342561126,0.38398914257809263,0.8169669798994839,0.6628745300385736,0.8798644849641758,0.4255788266198586,0.8461250681037943,0.8582525290397799,0.8840539791329914,0.8529959783730549,0.7402061849310944,0.7673931249635517,0.8326410035699797,0.8371371574625811,0.7275280847785949,0.8658894715085081,0.1276595473064793,0.3564356410435952,0.0,0.006570302190733889,0.0,0.6627906848296379,0.0,0.0,0.0,0.0,0.0,tensor(0.)
p_35,0.9657868184805928,0.7860473031424225,0.6245015176321912,0.8632444511962141,0.5044319056854802,0.7697040237308214,0.834052339907722,0.832065712994592,0.8092882648951797,0.6939065186110651,0.7756109583421107,0.7549234108135543,0.823580032651506,0.9013166097914952,0.8280999520715701,0.8218966825445986,0.689189186738303,0.5128205075608153,0.8229393386742317,0.38709671175859484,0.3645320174597782,0.7931631919813398,0.6143688162947318,0.8503177101665865,0.6228974464302905,0.7871514682262664,0.8304701442154633,0.8659991473870904,0.8420098409194382,0.7375699026562583,0.7916861261287106,0.8247544862641767,0.8014121782846158,0.6432160750149407,0.8191625518201111,0.33333330065359795,0.38354506725018106,0.0,0.0,0.0,0.42147116458307826,0.0,0.0,0.0,0.0,0.0,tensor(0.)
p_36,0.9666557641598224,0.8092474161512335,0.6643209436269676,0.759595683130996,0.3263964914962049,0.793067657729352,0.8493932641679469,0.8589452660166356,0.7637597376680576,0.7651291505856742,0.7556542795725883,0.7105030860083711,0.7460317443870553,0.9037908894980448,0.7855970980177903,0.7740480942533865,0.6290894732791112,0.5126118754059246,0.8150855359136193,0.18867920968316798,0.10204081483905518,0.811244354674727,0.6625341021901295,0.7831271799663005,0.46181817761983474,0.7951345870491868,0.8465867969276336,0.8783803321868497,0.7485324059559934,0.7586631479695135,0.7531746016802091,0.8108369611265627,0.8122117267467347,0.5823488493234965,0.8090390245187112,0.0,0.24026511814196258,0.0,0.0,0.0,0.0,0.0,0.0,0.0,0.0,0.0,tensor(0.)
p_37,0.9660604839214177,0.7850517851510583,0.5995077068312563,0.901941038518179,0.5701191515112819,0.8007226061170116,0.8471931249129083,0.8022059312649096,0.7925223791567636,0.8189762787984017,0.7571815697637355,0.8265746315216251,0.788179667167424,0.8986538573803289,0.8181920513135292,0.8156494497162771,0.6491278219927714,0.536312843169689,0.8241930420722939,0.614035033856576,0.5231509289046847,0.7737119983421727,0.5946050322456901,0.8931144839338372,0.5032377381754141,0.804969738767438,0.843291249641565,0.8184669934407618,0.7983610618346647,0.7878863090630678,0.7680168312256264,0.7821584079296712,0.798884237660016,0.640548475606773,0.8221431738304322,0.0,0.4114713199855722,0.0,0.007205352510523147,0.0,0.6064735842168044,0.0,0.0,0.0,0.0,0.0,tensor(0.)
p_38,0.971542092945598,0.8043932774936516,0.6827842897521974,0.8258655326762917,0.33371168747205804,0.736754293868205,0.8006056282893124,0.8159072948033146,0.7732213962186832,0.7169063990859846,0.6009715461462606,0.7836367033521549,0.6192545149342453,0.8817353768003556,0.7931607222343325,0.7370666647011556,0.5817183453137624,0.5559845506179097,0.8009405799032825,0.36666660555556574,0.41368420834903047,0.8038553628957612,0.6706800937030618,0.7920326041007885,0.396160555007325,0.7945679301938627,0.8093098631841874,0.85586117291001,0.7939281415377,0.6355294353690799,0.6666666653407585,0.7902566002321899,0.7932285349619624,0.45544554045503566,0.7879805890369722,0.19047614512472733,0.3091216203162093,0.0,0.006519377013692948,0.0,0.46256238831011004,0.0,0.0,0.0,0.0,0.0,tensor(0.)
p_39,0.9720162423942711,0.8315678613181026,0.6909299517621665,0.7934796892378864,0.46356032898972127,0.8182550457254711,0.8570787356862366,0.880557505871883,0.8223993004885938,0.7920970644432718,0.7525641009560596,0.7709827044665427,0.7923617190685652,0.919277671131131,0.8253370332817833,0.7963953793399172,0.6956521706254623,0.6762589879405828,0.8602511932953731,0.36065567858103625,0.3254658344662629,0.825974257479345,0.6839013965455356,0.7645959825902258,0.39949430594823887,0.8172207131563329,0.8579735333223872,0.8867800324263412,0.7876031301167726,0.794761245591181,0.7518263394868998,0.8200346079407473,0.8063909755488934,0.6847662090138295,0.8491137837734285,0.2641508935564352,0.25590550929226863,0.0,0.0,0.0,0.49900198604786455,0.0,0.0,0.0,0.0,0.0,tensor(0.)
p_40,0.9719375392253597,0.803263730523521,0.6676147547903516,0.688063843955531,0.3783102096051676,0.7285969533435394,0.7682394860296626,0.8402424712357047,0.6678077996481138,0.7176585014434004,0.7047167764274892,0.6709613445442947,0.6788990809297464,0.8944729974073735,0.8132581575147291,0.7576694393396685,0.6414119645225486,0.5743243194736122,0.8058870319762236,0.0,0.11577423855608918,0.7970406008719159,0.6567617465739828,0.7209693104086236,0.2709359572544833,0.7971141030900671,0.8266887540959972,0.871968168707708,0.6827610445531923,0.6902792134692527,0.6322503475538164,0.7763634824442692,0.7016258284826521,0.6040172123097761,0.7978699461502513,0.0,0.24431339305548952,0.0,0.0,0.0,0.34298440216070375,0.0,0.0,0.0,0.0,0.0,tensor(0.)
p_41,0.966417875694072,0.8118675952867032,0.6369970957797756,0.883032160974939,0.5411558621615074,0.8166087993577867,0.8132320968115041,0.8501001755509076,0.8346322788229669,0.7840687223896244,0.7636815901400955,0.8395833311469184,0.7824024136674522,0.8957629718882861,0.8367714792341564,0.8101336280341491,0.7591781719125019,0.5867393225545929,0.8593999991406001,0.4999999375000078,0.4103566174384142,0.7998072599676777,0.6216017417820761,0.9056647665157423,0.5423406228131245,0.8293471626512058,0.8265798600159381,0.8587400283532818,0.8393272951625779,0.766447700084439,0.7996113655583887,0.8453389822367691,0.8234318849863722,0.6593806861622888,0.8414429521377486,0.1860464683612864,0.5446844534320862,0.0,0.006322444611986885,0.0,0.6780821801698257,0.0,0.0,0.0,0.0,0.0,tensor(0.)
p_42,0.9703266690279663,0.8269363106394381,0.6548075728691135,0.7248238052272328,0.35516738929887354,0.7925769199335754,0.8397118030146588,0.854124641228302,0.8291683724850903,0.7889553960330611,0.7626324851796094,0.7337446571725454,0.842874542099236,0.9110405912764958,0.8503401352280465,0.7799575801167614,0.648330055754764,0.6977099183380923,0.8500708541803771,0.5189188908692491,0.30034923980967126,0.821871235801713,0.663621655915818,0.7646545701634206,0.37643677620062105,0.812417227098475,0.8526621155300503,0.8942828241452301,0.8167446556004241,0.7788627218276252,0.7963133622204762,0.8327388766353118,0.8058589850897244,0.7348148093717422,0.8584112582805221,0.5046728500305747,0.39387754700124955,0.0,0.001731601716609509,0.0,0.544423430162128,0.0,0.0,0.0,0.0,0.0,tensor(0.)
p_43,0.9608573654659956,0.789022676774677,0.6355093622745003,0.8466417051858174,0.4029008831353676,0.7689236476270171,0.8228382797430793,0.8607527592938987,0.7984986586611275,0.8091146800081325,0.8067852693281232,0.7943184900455654,0.7434223526341793,0.8900765329398913,0.8035300270708773,0.7993482290517966,0.7432384940525518,0.6775288480819495,0.8424528295263736,0.39999993333334444,0.15233785707135855,0.7884317468307636,0.6463692809810908,0.8616295831112382,0.6148760296701046,0.7737585740412033,0.7933950865396453,0.8910674340212881,0.7869404941685725,0.7652592754080987,0.7709411524421294,0.7698906278004928,0.7717149206167132,0.6910994719168883,0.8428219845423938,0.24242420569330217,0.2547928246456845,0.0,0.0009103322671354926,0.0,0.6108998655145771,0.0,0.0,0.0,0.0,0.0,tensor(0.)
p_44,0.9735910184010305,0.8047012883534327,0.6918527507643205,0.779951606788834,0.50599999494,0.8385856642120021,0.8361874913979662,0.8685482608926929,0.8157864448098189,0.7641376716082363,0.7696151904807216,0.6695736401667943,0.8004926091943912,0.888060637395298,0.8311490970264491,0.8182568028093021,0.7489163029379249,0.6627043041403841,0.8389176508362629,0.1016948980178139,0.3233215519141206,0.806739582904136,0.6780864096429483,0.7338758023692713,0.4452214400323842,0.8407734162288621,0.8505292186937089,0.8841978282244776,0.7658806535540416,0.7629923538536801,0.7852604808506721,0.818061590007499,0.8187485550248245,0.6614785949320454,0.8484426302632674,0.48351643038280984,0.28571428343404404,0.0,0.0,0.0,0.5289575187459938,0.0,0.0,0.0,0.0,0.0,tensor(0.)
p_45,0.9628438396781428,0.7989096839201847,0.5968851267776307,0.8880206983472132,0.45804540515256265,0.8119564589034277,0.8380810005871326,0.8380529139943919,0.7771013804997643,0.7501552465843974,0.725074035722917,0.8355842606119076,0.7398392635135723,0.9089248861499123,0.8308889545735918,0.774535806450478,0.7284676557299631,0.5960637244979969,0.8438240708947203,0.2711863947141704,0.3124999977805398,0.7810973741543551,0.5904214982427326,0.8963325690517991,0.3296432923783113,0.7845970017421797,0.8215450643189167,0.8360212017390204,0.7826355941610275,0.730983715446148,0.662228138787776,0.8206407816941403,0.8060453377944434,0.6671388054735212,0.8134819618946002,0.0930232341806432,0.3362186772837418,0.0,0.004827586190249702,0.0,0.331858399737646,0.0,0.0,0.0,0.0,0.0,tensor(0.)
p_46,0.9611624734831378,0.8070473230490106,0.5721976036069925,0.8978685610795141,0.5237191601165165,0.7733713169969334,0.8023364987778294,0.8206385638456601,0.7882469615816428,0.7895906053214952,0.7591698823379106,0.7946852236802112,0.7329868826206709,0.9055580829341905,0.8224209202745689,0.7971905156652311,0.698599850042005,0.6463298317795059,0.8512630269817497,0.20408159100375692,0.4170528247587913,0.8145071608484687,0.5799283893873415,0.9055340605778519,0.4889267420023276,0.8098883864311753,0.8416831354065979,0.8319513538795184,0.7459148437906619,0.7553620024438084,0.7826701182418881,0.8406717173452062,0.8170045022043791,0.6593255288415312,0.8336999131359856,0.0,0.44568965325133764,0.0,0.005518087046235172,0.0,0.4483985685338333,0.0,0.0,0.0,0.0,0.0,tensor(0.)
p_47,0.9684184970107874,0.7789764889336529,0.6099704567507082,0.9000943718042007,0.6304068495485787,0.7835641584234863,0.8362724032572404,0.8616264141514255,0.817874068136003,0.7916883108657784,0.7884508584440564,0.8267800190574388,0.7972946844496721,0.8909772980448278,0.8187512225300928,0.8067226868159028,0.6999287216681086,0.7130434713715607,0.8357859849568405,0.2191780521673901,0.4349070079403576,0.7719807495544783,0.5948657583635336,0.9057407547653807,0.6395939045711047,0.7308162194627912,0.8461976683817896,0.8571607955941729,0.7926621151955395,0.7573662368286712,0.7407227728820694,0.8411721755749586,0.8388936388967959,0.7107887514887693,0.8425098483304412,0.18749997070312957,0.48772080789435235,0.0,0.005156300337878503,0.0,0.47107437043234773,0.0,0.0,0.0,0.0,0.0,tensor(0.)
p_48,0.964736958520366,0.7944365454038008,0.6257469589913429,0.6094269096662926,0.40843214218139473,0.8305829633266011,0.8367417543863086,0.8314217697298086,0.6957908152171702,0.647543365977766,0.6258948647455618,0.6829268261837089,0.7819379100998346,0.8952424221303235,0.8157605976900144,0.8060919205708678,0.6072477933043693,0.4962726251728155,0.8378425853497518,0.0,0.21576763037826494,0.7851039668732708,0.6126581644700225,0.6790255258866102,0.043392504075098544,0.8095255729770146,0.8345439434019242,0.8363594036101261,0.7441224702786735,0.6370340834791368,0.5475255291682531,0.8003398462188405,0.8108795098859188,0.5182265958795409,0.8150922704046297,0.0,0.19976218549628794,0.0,0.0,0.0,0.16990290849750223,0.0,0.0,0.0,0.0,0.0,tensor(0.)
p_49,0.9749967182517011,0.8252780858146777,0.6853507342850073,0.9050216636311145,0.4595842903050313,0.8040476382073064,0.8273958986694788,0.8769376071576546,0.86554438033937,0.803917978026439,0.7912876955689621,0.8065395070949455,0.8593006980988802,0.906302945098437,0.8378238868196306,0.8297994245564486,0.709945898002722,0.6353982244655024,0.8483140782865464,0.5046728500305747,0.410796573990806,0.8262403223444674,0.6852437561241257,0.9075234627778046,0.5522842583524441,0.8273672209874976,0.8523035054200543,0.8862767800311079,0.8633062784458498,0.7698169307965645,0.7898118384813864,0.8461014301118452,0.836927930465734,0.6688154660047102,0.8545091695766329,0.26470584342561126,0.4594017069476405,0.0,0.004469273693080741,0.0,0.5977011396108187,0.0,0.0,0.0,0.0,0.0,tensor(0.)
p_50,0.9718251572626775,0.8073597139971282,0.6423315373432391,0.926630393457718,0.5163339359512978,0.8283700702269094,0.810075381446669,0.848535167329774,0.8088311677807388,0.7978664287166725,0.7557721889282396,0.8459752305611935,0.848156181062695,0.8927213044872746,0.7997546756621132,0.7842347503330416,0.6621880976897373,0.5689277837097617,0.8386729849870398,0.399999942857151,0.4357596461369827,0.7951498271597008,0.6379610471617884,0.9207004124835588,0.5605953204798181,0.8172019110964546,0.8474476367441984,0.8447133014706781,0.7752058749441288,0.7636281375665821,0.7354623433377924,0.7780997714985513,0.8273667440271367,0.6921240967526958,0.8305203227499048,0.17021272974197238,0.4476764794335705,0.0,0.0018478595569822618,0.0,0.5682888450818078,0.0,0.0,0.0,0.0,0.0,tensor(0.)
p_51,0.9697540174245998,0.7938839263019762,0.6402464964107264,0.9062203692027421,0.6153165090070096,0.8205739634491683,0.8300546447534284,0.85599317104256,0.8003560518815411,0.7758662457282939,0.7454881981825817,0.8393877911868195,0.8311454759375194,0.9222111995138693,0.8323133407096194,0.8205689255454898,0.6390191105697111,0.4136622351644949,0.8321038646285985,0.08888886913580685,0.46016190685913116,0.7959946623232075,0.6382901676423892,0.9236951963616734,0.6342301051274751,0.820970021979581,0.8406357387769033,0.8527276107163609,0.8072799790485167,0.708619373622401,0.7794258354559191,0.8457952992369437,0.8248648626355003,0.6822107022261598,0.849118728598568,0.33333326388890333,0.5292122105947523,0.0,0.0029019152556531767,0.0,0.5463917431891453,0.0,0.0,0.0,0.0,0.0,tensor(0.)
p_52,0.961388247953254,0.8016074824431291,0.6245642425290804,0.8171606265043088,0.37871033389242237,0.8114586829200892,0.8244080817918659,0.8583078486730469,0.7932131484713506,0.7842430477306531,0.7678260852873346,0.7161290289579306,0.7271356765649857,0.8977242655302784,0.8106572624050766,0.8243902416683191,0.6771866515906823,0.6534653411430252,0.8477038823422088,0.1276595473064793,0.310454062191615,0.7975922805017023,0.6106673145937396,0.7851916880412704,0.6436170169972273,0.8068873302570776,0.8310206960819159,0.8931004170000547,0.7782437735540711,0.7756068673131973,0.7369093215476601,0.8355764698018104,0.8194647182008158,0.6395705472425571,0.8409090901625452,0.3692307124260442,0.33277591695003417,0.0,0.0,0.0,0.4844036608366301,0.0,0.0,0.0,0.0,0.0,tensor(0.)
p_53,0.9653857331233463,0.8209576958036182,0.6284786924195429,0.9019338907893519,0.5278745598617198,0.8039410986610113,0.8301735473832154,0.8917283875774703,0.846050869117621,0.8246159303573254,0.7753914971467752,0.793975558982735,0.8342871997472852,0.9007180433490832,0.8370607020650008,0.8169191893405328,0.7328190717643089,0.6485671142641998,0.8547071217758666,0.5357142378826573,0.4398713798079011,0.8143221814807208,0.6140920548988615,0.8948584199348516,0.5432330776011929,0.8352633334719787,0.8655893879490149,0.8911017930985897,0.867908369869505,0.7973229621078747,0.7650947537128807,0.8455691501246115,0.8259935530988357,0.6754313831106706,0.8383763829904277,0.38759686917853725,0.48770277086497765,0.0,0.004077471925815781,0.0,0.6301369755113532,0.0,0.0,0.0,0.0,0.0,tensor(0.)
p_54,0.9683904199230977,0.807492792589595,0.6294152398987604,0.8673708916272251,0.5069897436440844,0.8219397684581644,0.836259909547584,0.8827059460006632,0.8414451249605384,0.8081580617243393,0.7924175034111456,0.7803660533262643,0.744294603878904,0.9103833269612237,0.8302514785223267,0.8210093872622963,0.7344173408562902,0.6071428511196146,0.8434808426457966,0.574999928125009,0.3260188067334244,0.8135451157155087,0.6414394202118319,0.8585194914787952,0.5019531200981141,0.8243523755724536,0.8387222747934421,0.8989754728972521,0.8425186531712022,0.8150240037512718,0.7779527541553369,0.8333487034645867,0.8104817342231823,0.6876553381304445,0.8554799241832102,0.46575336085570396,0.4273772182477679,0.0,0.0023809523526077104,0.0,0.6138996020482702,0.0,0.0,0.0,0.0,0.0,tensor(0.)
p_55,0.967941559188652,0.8055179270737378,0.6759364260448129,0.7965849623813909,0.164296995824692,0.8020823647852369,0.8425964802335323,0.7905170100944204,0.7335803292538674,0.6554968186941162,0.598662206245518,0.7201834834855371,0.8034103938294632,0.9014478763028558,0.805186000504037,0.7713392623915863,0.7122736394625296,0.6053169692889095,0.7846420317662803,0.0,0.10613207422014063,0.8103181451960316,0.6748482846714432,0.8472930124624581,0.31402438545694533,0.8165729368032656,0.867224706784968,0.8644034724102998,0.8028225798358644,0.7246621615501164,0.7239906818245523,0.8207157295166485,0.764497039610658,0.6055276343873892,0.8242065955007727,0.0,0.3789370060091683,0.0,0.0070754716146760425,0.0,0.201634871890058,0.0,0.0,0.0,0.0,0.0,tensor(0.)
p_56,0.9699784178035478,0.7653838493182539,0.6798782233138997,0.7113325697183136,0.05240174596212888,0.7505364143461818,0.7747623094506426,0.821886550987137,0.7233062320822409,0.6163298008936606,0.670642808326391,0.6659807933265405,0.7857891966625732,0.8810461537106082,0.7730243088150002,0.8140474966800214,0.6752645480315326,0.5768025018097962,0.8256968913603838,0.0,0.1251956161941218,0.7974496099777494,0.6989871240137748,0.6809869834057438,0.31340205862472104,0.7328849026574775,0.7735457585711877,0.8494466678363802,0.7805263147624654,0.6784948005623909,0.7922570329430113,0.7803371717740468,0.7690597893552794,0.5879082655461553,0.8266079719355931,0.0,0.218411550375347,0.0,0.0011337868416451994,0.0,0.4159445335191589,0.0,0.0,0.0,0.0,0.0,tensor(0.)
p_57,0.970184962151454,0.8175833916296817,0.6711689244641549,0.779482451583932,0.3522231878620472,0.7102602035140091,0.8190056938122472,0.8621971423430529,0.8260869556054936,0.7608513484490939,0.6404416828149729,0.7975179595116983,0.8232461055976142,0.9005627356223235,0.8166336627194981,0.7873805803435224,0.6789144021757227,0.4333995980775388,0.8184242417628895,0.14492751522789635,0.20370370134602198,0.8198423702602425,0.6671313976473047,0.8763949225332673,0.5129310307979092,0.7245576510354739,0.8475456319938957,0.8815306117951375,0.8561698709373299,0.7843475527098905,0.7898226110198484,0.8255038814010636,0.8318651841595841,0.6481148954388251,0.8384682741513667,0.16666664351852173,0.4212368703545107,0.0,0.007968127384221415,0.0,0.5053003444293226,0.0,0.0,0.0,0.0,0.0,tensor(0.)
p_58,0.970570651692259,0.803092459149634,0.678929975255659,0.8950732702319708,0.3980424111089526,0.7551550269500386,0.813387458245302,0.8205500774153865,0.7787152651831306,0.607602634964417,0.515328724941824,0.7546259030447147,0.5954126256906772,0.8791565557896148,0.8086341367598094,0.7780507759266972,0.6899685400560344,0.25705939379689,0.7240880871319717,0.0,0.41518677026829903,0.8096410514153183,0.6710874664082901,0.8829009524998281,0.5018504774104332,0.7652361628724866,0.8066692366514873,0.8148267176523506,0.784124105183717,0.579553147712977,0.5551408202322009,0.809507405434458,0.8170930843301767,0.5891812822428268,0.7229462703077892,0.13888886959876812,0.4533011253892869,0.0,0.005632360456650383,0.0,0.44878048050763447,0.0,0.0,0.0,0.0,0.0,tensor(0.)
p_59,0.9612228061513142,0.8004386283528918,0.6129703684195816,0.867851819221343,0.44388397927006334,0.818403803927926,0.8216260085616208,0.8683000698424468,0.8579007188860671,0.7900847183452728,0.7764764495976166,0.7596774162916232,0.7948884539855134,0.9017104228429021,0.8274780417947741,0.8061647871779348,0.6946631640653405,0.6066985587875736,0.8459550015835758,0.578313183335761,0.43948613631179084,0.8018061754861984,0.6170291362693441,0.8432699260209924,0.5388788378039888,0.8309152974101462,0.8428231901857374,0.8859725862432356,0.871967990907767,0.825896200293316,0.7909686797985709,0.8397212534948543,0.8479597516826166,0.65442403460414,0.8440797178154751,0.09756095181440198,0.48679678250977737,0.0,0.005305039717439792,0.0,0.6020618432564568,0.0,0.0,0.0,0.0,0.0,tensor(0.)
p_60,0.9730390542351764,0.8171719190092742,0.6870299391475646,0.8358372524609173,0.41104294058238305,0.8172846466428674,0.8362444653044491,0.8662753366659289,0.7865718088188397,0.7128945595089872,0.6655157516928879,0.5921610138127065,0.691201838150656,0.905338674973549,0.7955370094380108,0.7085069852696568,0.5819430785969427,0.6109822071849791,0.8171188019822897,0.0,0.21904761696145128,0.8306063456420067,0.6990557533043316,0.8265253622664238,0.2122719699457385,0.8133428309760646,0.8506947719684964,0.8632783833765698,0.7832051540394875,0.6627287848063821,0.6904249056384866,0.8053104774344085,0.741339969422651,0.635355507923317,0.8151863563429382,0.0,0.2806779641987935,0.0,0.004073319714120981,0.0,0.402625811758735,0.0,0.0,0.0,0.0,0.0,tensor(0.)
p_61,0.9682685998406753,0.7932528546068385,0.6722159641543471,0.9014917302888024,0.5601888232872634,0.7226109743272333,0.7687580061913469,0.8697103473297565,0.6135888111291832,0.5851715085169843,0.5509192637075632,0.8297168061240956,0.4946764926507924,0.8716648731837279,0.8372930158051719,0.8309810642651254,0.6458878977320903,0.16929133691642384,0.8246692744320204,0.0,0.3790791221319663,0.8013007224095868,0.6470424614210859,0.8705962313803957,0.517437140977801,0.6490036980049114,0.7344953810679042,0.8633429774853423,0.5221721152553813,0.5880853768842674,0.581560282656808,0.8279960961341293,0.8304552568538586,0.3009972774161625,0.8050454453672367,0.0,0.4823989554028717,0.0,0.006500541694202216,0.0,0.595879546816489,0.0,0.0,0.0,0.0,0.0,tensor(0.)
p_62,0.9663227776391891,0.7717198982387494,0.6055008689774729,0.9087960528748096,0.5321100876749993,0.8020193905105789,0.7696548891957934,0.857315671168381,0.8098759532324953,0.7723178446692965,0.7386831256721113,0.8030467878045516,0.8332236828400926,0.8936457427647004,0.8270771817512894,0.764743180834676,0.7549711329218373,0.4927536166962633,0.8117266316279016,0.28571420408165593,0.41833030663189513,0.7840130255103893,0.6196589928791305,0.9005665796029734,0.6488706321090306,0.7301183603214587,0.7688256596903037,0.865963367506334,0.8143191693829384,0.7320785758180823,0.7441391460949354,0.8272718054632036,0.8035474313261288,0.6654064209318864,0.8448528684672472,0.08695650283554286,0.4420783626828008,0.0,0.0041987403485042665,0.0,0.339416052200437,0.0,0.0,0.0,0.0,0.0,tensor(0.)
p_63,0.9656639343145129,0.7767498764162063,0.5696017097124738,0.9180986385259803,0.6058174493188694,0.7675769510691136,0.8055424318781712,0.8533091327845277,0.8194029838516373,0.7187015148362556,0.7335347409862998,0.8151464263847297,0.7344008814621731,0.9074764427591321,0.8258028371678465,0.803592811965291,0.6900780359808304,0.565533973719248,0.8311251722057296,0.6086955860113493,0.5044187610318872,0.7982415847377478,0.6082669376571658,0.9044772524864644,0.6257668676755892,0.7765307475174223,0.8005303388835825,0.8536249912544207,0.7765390199024006,0.7417172179867975,0.751692388974567,0.8295831145738853,0.7744276918636859,0.7068965449530983,0.8458123099436808,0.0,0.5091412728278635,0.0,0.0037735848819271394,0.0,0.4796084750471701,0.0,0.0,0.0,0.0,0.0,tensor(0.)
p_64,0.9767822641313251,0.8260875361105972,0.7092013620734829,0.8656270351869316,0.5200356142472341,0.8077054477391643,0.8252386825385035,0.8409364684224918,0.8487865577488656,0.7979544390535059,0.7729011911480955,0.8119685013796267,0.7341040443139673,0.8940272515135581,0.8163352567710763,0.7944835024486654,0.7122069494251941,0.6649168795720308,0.845274979816736,0.5476189824263116,0.3365744178266685,0.8306696320444187,0.7090098315813682,0.8381669244862924,0.46501128143328124,0.8121438943100927,0.8533498644191337,0.8740990986069263,0.830164438810169,0.7452316069042122,0.7516413838541061,0.836788617035784,0.835349813689243,0.6893819279763714,0.8393632408689211,0.25352109105336745,0.4356846442898711,0.0,0.003842459136960047,0.0,0.49684209480332436,0.0,0.0,0.0,0.0,0.0,tensor(0.)
p_65,0.9725967982196636,0.813252333414204,0.6911196091732331,0.8250919264447111,0.40860214654347854,0.8069667680999103,0.8523816186822837,0.8308741169559902,0.8033001560983497,0.7203357490267687,0.7555360649955359,0.7775672573794343,0.7738359184615612,0.9073572501928633,0.7944595590778634,0.7923163823902455,0.7103866538650998,0.554385960049246,0.8203031844487284,0.1860464683612864,0.2364729435223152,0.8020267516688784,0.6672683653883393,0.8302800715206607,0.20049504702357615,0.7840375584853956,0.8502454518657397,0.8371437199933811,0.8289601544837705,0.7231442634295603,0.7332886189731979,0.7886721416934701,0.779100848653461,0.5954645164925785,0.8235998282825141,0.1290322164412205,0.32403918369224427,0.0,0.001996007964111697,0.0,0.4200913146097874,0.0,0.0,0.0,0.0,0.0,tensor(0.)
p_66,0.9627972105775899,0.7959921177538878,0.5962433544336687,0.8893420234900259,0.3534994026868398,0.8074005440942148,0.8084309724080277,0.8668780623425321,0.8112869913127502,0.670130907694483,0.6991172744032351,0.7763347735341458,0.8121735983933485,0.89826492911674,0.7949559147068321,0.8076311580043524,0.7183889048584057,0.48994082260425065,0.82234000704521,0.0,0.3746701814013177,0.792414846115317,0.6024226411352855,0.8973867781481958,0.5775609699750149,0.6364728081899488,0.8018286507333535,0.8644078406310467,0.8088685004983837,0.7384903006093827,0.7011258938046931,0.8194842398180152,0.8113938030658356,0.6660212907451957,0.8199959677282846,0.2909090380165385,0.4187683259896286,0.0,0.007920792000784238,0.0,0.4162679326251691,0.0,0.0,0.0,0.0,0.0,tensor(0.)
p_67,0.9771430785907643,0.8274637693242591,0.7275109904009737,0.8672296825570033,0.39272726796694224,0.7907212911112746,0.8613025458341443,0.8778178070623686,0.8400642949165519,0.7897274074943226,0.7561822109410364,0.7988472599456851,0.7563540737152628,0.9099059504421365,0.8249744106960321,0.8192219658804425,0.6988058350340298,0.6607142807982569,0.8455824514152037,0.5274724695085198,0.36418510700014983,0.829467616383132,0.7251003022708835,0.8876059891360247,0.4647739172999588,0.7953387866452284,0.8675711014224691,0.875759015325118,0.8593185581769809,0.7432529680251413,0.7421302269466792,0.833424457049914,0.8431781310095481,0.6770670774019729,0.8612587884914605,0.14545451900826925,0.3210483184189327,0.0,0.0073081606905217944,0.0,0.6161971722500498,0.0,0.0,0.0,0.0,0.0,tensor(0.)
p_68,0.9672783322585436,0.8144303846545243,0.6335749191895489,0.8490492056219128,0.451530606485579,0.7856742572760521,0.8385697807982488,0.8959851011141013,0.8466341232300668,0.8016055038210956,0.7508001811824413,0.7449392682391122,0.7435965124277885,0.8844092284708177,0.830897278896775,0.830793074578163,0.7131280360083952,0.6075949319019388,0.853759195358192,0.23076918639054106,0.37008480824915335,0.8052215974425279,0.6217158316332329,0.8850218930677103,0.5506329055840411,0.7069228946809867,0.8060608925964116,0.8764940233982944,0.8631764178803604,0.8230834825897058,0.7814508705659989,0.8424488172856801,0.8217018297665156,0.6856702566589349,0.8452492058565902,0.14035085257002586,0.48791455599823186,0.0,0.004004003963923884,0.0,0.5042016700797969,0.0,0.0,0.0,0.0,0.0,tensor(0.)
p_69,0.9678627625050344,0.8156007621569153,0.6396187170337094,0.822243614688123,0.5379876741479706,0.8027186653599504,0.8224220590466683,0.8830967428825619,0.8372093012066169,0.7925617176524936,0.7475139443426778,0.8044212440760784,0.7687328833240406,0.9068657042411017,0.8395842737917033,0.8169267682565222,0.7469012365177878,0.5719489929694992,0.8506395778304745,0.37735841936633596,0.3255813924366602,0.8178092852328332,0.6227080857434474,0.857935989082334,0.5554537070994161,0.8106384761555391,0.8150454759435094,0.8804459789853687,0.8581515560986616,0.7813549271367224,0.7389635298969206,0.8517230468418979,0.7939782525955442,0.6531332687278617,0.8568406875715405,0.0,0.4687285191152679,0.0,0.0014652014544673886,0.0,0.48878922670876174,0.0,0.0,0.0,0.0,0.0,tensor(0.)
p_70,0.9751959258055365,0.8199327217000011,0.6980497723366708,0.8766971604026529,0.3696450383152382,0.8248345658006067,0.835794092668714,0.8445320192884079,0.8141097416814952,0.7197745895493728,0.6620635220712892,0.6564593270025869,0.5727818106322013,0.8754637843401413,0.7869281037838832,0.7311178227654,0.5750825058783725,0.460587322561149,0.7998297865533364,0.08571427346938951,0.4617314902024373,0.8273298156885877,0.7033117203559508,0.7696897370526743,0.1772939319238891,0.817256341618563,0.8048839714667939,0.8608873019577321,0.7519379836634131,0.7446717446335087,0.7449253145443789,0.7960994628999518,0.7660529843600068,0.5606157757497384,0.7822703427658008,0.0,0.3435980523209234,0.0,0.0011594202831337955,0.0,0.39805824276557666,0.0,0.0,0.0,0.0,0.0,tensor(0.)
p_71,0.9715371147582206,0.8052146760687723,0.6845331363765774,0.8301962218642115,0.05082212181132852,0.6940889248861707,0.782133000799761,0.7573617584910673,0.8094790679512694,0.6216038350835726,0.43680066216991165,0.6688741694169115,0.6148215905424941,0.8554186750838387,0.718019256398419,0.7462686542412316,0.447664102756759,0.49460580502401824,0.7387371557576735,0.0,0.2846371320957857,0.8161727315287538,0.6889566270767224,0.7649348447199555,0.3124312396872251,0.6910012041254513,0.7654121332771108,0.8435716998651713,0.8070612189577219,0.6449261455544542,0.6482625470110762,0.7763023486151895,0.8124999979357215,0.5541838096420864,0.7623787859243295,0.0,0.23417172390137272,0.0,0.0018761725990798657,0.0,0.4424460352078051,0.0,0.0,0.0,0.0,0.0,tensor(0.)
p_72,0.9647795064800874,0.7829880976069874,0.6250297611274375,0.9072440943453158,0.46061414912807647,0.7650080726148519,0.7719872500826902,0.856450563881301,0.7365646834690447,0.7741935476547218,0.6984387824600683,0.8042813440285143,0.6665102073069463,0.8603136386952634,0.8139720906461896,0.7680865423661712,0.6748408378334336,0.5960144873549412,0.8128644629679587,0.27586202140309973,0.42990654056799393,0.7671579607049842,0.5931778932915042,0.8849603533764546,0.5512559365155741,0.7719039156443906,0.7866139178424921,0.8700496543114632,0.7285970140554066,0.7197713189902132,0.7381103345210097,0.8128577711907902,0.8226909896730588,0.5784716468490415,0.7486293088480352,0.0,0.5023205009491659,0.0,0.001594578430148339,0.0,0.5255474356651928,0.0,0.0,0.0,0.0,0.0,tensor(0.)
p_73,0.9626266117282499,0.8054231891461624,0.6227912139577815,0.7726396911831547,0.41940789128776407,0.8101206080728577,0.8396335281618627,0.8560590309415615,0.8486157989890402,0.8168688611430109,0.7747052502149941,0.7908264104751822,0.7344248336499579,0.9036597081136064,0.8153157435800402,0.7985489702574391,0.7165551809508562,0.5860927103800272,0.8490307077980522,0.5609755413444462,0.2122687418474319,0.7929441309391243,0.6085211424661313,0.7645111804597472,0.5577085041473588,0.8216944343736006,0.8517543634936653,0.8827556919044872,0.8060109278606409,0.819992553220409,0.8054806810299177,0.8283100100212505,0.8212909421452531,0.6925733964371901,0.83120364504405,0.28571424036281895,0.2988505720702867,0.0,0.0022321428322305487,0.0,0.5746691762822462,0.0,0.0,0.0,0.0,0.0,tensor(0.)
p_74,0.9675637220236294,0.7842689664370173,0.5832290857280121,0.9180369246866369,0.593749997680664,0.8376766457567715,0.8458818277992323,0.8843214073580054,0.8440543713538967,0.8304768663258353,0.7855100076608437,0.852962961383402,0.8438452883263597,0.9030789678077458,0.7888992094880409,0.8043184858153897,0.7025779118792692,0.636893197700066,0.8473837200504737,0.13953485127096482,0.4204993411279047,0.7784120932710553,0.5986002007631047,0.9189140820489067,0.6026645744409694,0.8502825700893213,0.8658293527686197,0.871442590164417,0.8172157270805359,0.8274375298114283,0.79027493571853,0.7662055553147301,0.8076096937477456,0.6797020420884354,0.8329830873281466,0.536585234979211,0.45382585602300174,0.0,0.0037958667148969495,0.0,0.5934489288352808,0.0,0.0,0.0,0.0,0.0,tensor(0.)
p_75,0.9721265598919244,0.8253602531701076,0.6707474216876157,0.8338525436518677,0.3976878566741288,0.8223198867727933,0.8276657275543078,0.8825304334187232,0.8512221030137858,0.79476236586347,0.7636537067406304,0.7783997340190986,0.7419596092197467,0.914654641510449,0.8199135891399121,0.825424719316272,0.7648020910539676,0.6376537309588105,0.8435717617170905,0.1212120844811865,0.250770809344596,0.8180865122895974,0.6657703857601329,0.8497323016955787,0.5806974810973441,0.8155617347603726,0.8376275159730111,0.8897070940870984,0.8426207798244596,0.7522456645579219,0.7926380348646919,0.8333181769270545,0.8022269331860368,0.7052341533036349,0.8531354620820419,0.13793098692034933,0.33360323616515597,0.0,0.005979073154273944,0.0,0.6452702593704348,0.0,0.0,0.0,0.0,0.0,tensor(0.)
p_76,0.969616351249743,0.8030179741996445,0.6546578963348064,0.8300299603422275,0.274322164683857,0.7778927868876953,0.8524901099514652,0.8225155180964772,0.8128601746847738,0.6617177021737111,0.644171777729685,0.8150051366520936,0.7696503824209016,0.9118284667516041,0.83802173165632,0.784063257956012,0.7165820612665733,0.6022471842444137,0.837926032597964,0.21428567602041498,0.3704305412637649,0.7979338338589533,0.6348759546109913,0.8874721067550717,0.47241045041228996,0.7612493663115816,0.8463230588173046,0.8583668694934656,0.7922147640372956,0.7397980640094678,0.7216299438009242,0.8255954775680304,0.82204246506056,0.6304541350805509,0.8524147847356643,0.20512815253124292,0.4406196188145748,0.0,0.0,0.0,0.3212851341107403,0.0,0.0,0.0,0.0,0.0,tensor(0.)
p_77,0.9735976168494551,0.813077874176215,0.6920769031713643,0.8010185065202966,0.37125748058374275,0.7859859454484582,0.7428911813506173,0.8424035169309216,0.7824543600628114,0.668564379287822,0.6739084117701631,0.7379784065849931,0.7585677729959903,0.901137546039915,0.8169978127036811,0.7822085869575445,0.6669771743503624,0.6041506486998413,0.834585815984637,0.0,0.12448132607909647,0.8111776557411863,0.6832945998220492,0.7916379185927709,0.3815028857629724,0.7345468156065352,0.7461230938462503,0.8735065626179981,0.7712726361060871,0.7203688629234528,0.7589469338565469,0.8061262599868078,0.790052604519243,0.6412795076825628,0.8443184926919111,0.0,0.17407071465031085,0.0,0.002242152441231475,0.0,0.0,0.0,0.0,0.0,0.0,0.0,tensor(0.)
p_78,0.9738350908476425,0.8143203179046078,0.6800481098686018,0.8426805845474024,0.34769687447701525,0.7829959512501606,0.8143305516522878,0.8474689904752101,0.802692468373731,0.7589395218804231,0.7890624981868969,0.7700668864127638,0.6582822065696864,0.8810545675909665,0.8121237276187215,0.7607260705150548,0.670429871166175,0.5738317703380208,0.7936215312069117,0.338982993392713,0.31127012243944435,0.8162974044309029,0.6839024048631792,0.8604015064971866,0.2191304309716447,0.7580025606213899,0.8346115748666612,0.8643387985936424,0.7753564692287376,0.7268891439136085,0.7453933014753452,0.8328701857553888,0.7993147312792102,0.6179940957375066,0.8103066117378033,0.19047614512472733,0.34228187689743705,0.0,0.008474576151489038,0.0,0.3626942911219096,0.0,0.0,0.0,0.0,0.0,tensor(0.)
p_79,0.9728215827894395,0.8187584104512631,0.6806998829737493,0.8683772970528121,0.39421812885390106,0.7840121188649967,0.8326250767547865,0.863568711281865,0.8481905412785403,0.7757621088687469,0.7511289494452359,0.7576449075415567,0.7273216669520278,0.9008738442094921,0.8200550955150908,0.784008881776766,0.7260825743903194,0.6612510100629487,0.8585649879239623,0.41558436161242057,0.29042385957281114,0.8171028294450349,0.6795318650178851,0.865515602267535,0.5740740681679622,0.829233409373789,0.8315959897358742,0.8971283583801589,0.8560747653550529,0.769715466407684,0.7350636612755542,0.8318373517553398,0.8328476799129862,0.7177813970817178,0.8529780858644869,0.15384611439843218,0.4282907634034659,0.0,0.00662983418088581,0.0,0.6605839295513882,0.0,0.0,0.0,0.0,0.0,tensor(0.)
p_80,0.96822135539744,0.7918449958748526,0.6437499275915451,0.9096105951693426,0.6080525833356403,0.8154316788988692,0.8257804763954952,0.8714502741197556,0.8426610338581942,0.8257808261186308,0.7734899307229028,0.8060263623125183,0.8023032614159247,0.8862928347093185,0.8272451378810328,0.8015978668388886,0.6949512062157351,0.5970443290931593,0.8284010831128443,0.5346534124105532,0.45149911551146904,0.7766090798819213,0.63269735453768,0.8908759613676354,0.36744759103023933,0.8262570472827473,0.8438407170595525,0.8537494466777753,0.8357111966756257,0.849382282616856,0.775099335695101,0.8371267479253218,0.7948863613781637,0.6696997209308487,0.8468195577165518,0.1538461242603607,0.46970455448320203,0.0,0.004642525512337393,0.0,0.5866050672839477,0.0,0.0,0.0,0.0,0.0,tensor(0.)
p_81,0.9590759694529193,0.774174520293339,0.5800496277832193,0.8964750251688808,0.6004842566546872,0.7552199528759167,0.7379810038113916,0.8836679647086197,0.8273114427430809,0.7705580421856961,0.7241632037034859,0.8248618761744146,0.7927345090999389,0.9126853375761638,0.8364997113447518,0.7860869542432262,0.7427240949059988,0.5991471151476854,0.829936945234454,0.0,0.3722826061665584,0.7565147622869174,0.5635361677141071,0.9037721719284881,0.5789971563008783,0.813011340965691,0.8378564205591218,0.8705776976069493,0.7514437233335961,0.7229816310092038,0.6876291010153108,0.833394293312551,0.790055246634718,0.6580547062457849,0.8212941379984817,0.0,0.34873188247856934,0.0,0.007326007258919348,0.0,0.4464609719335577,0.0,0.0,0.0,0.0,0.0,tensor(0.)
p_82,0.9722605267817384,0.7688757764415667,0.629821870749041,0.9068700107314909,0.6980224441580842,0.8072595029479691,0.8179974754006273,0.8724650738663446,0.7858834666202233,0.7619141972040878,0.7233606538848344,0.836136470840614,0.8172510071094462,0.8859665536676874,0.8167202563875944,0.745895786060329,0.7490165194767249,0.6159554673844576,0.8353234251049537,0.3943661416385716,0.46921443487678116,0.7829522278903034,0.6306890867024285,0.9152305726593205,0.6929870093870805,0.7385894509834032,0.7993919269672847,0.8897054238713923,0.7638737750121068,0.7882519168467381,0.7298458409657673,0.8349419900215054,0.79717621287761,0.6580921687235566,0.8490227713385129,0.17391300567108572,0.4888682723150822,0.0,0.0036648342434368914,0.0,0.5979073154273944,0.0,0.0,0.0,0.0,0.0,tensor(0.)
p_83,0.9693021246082566,0.7939688086741546,0.6452193804891521,0.8815611163665609,0.30210772479967535,0.788279631420301,0.7892493566244491,0.8563098703776344,0.8113098663458629,0.739651186447099,0.6583719935504597,0.8240567784384446,0.7511166683024537,0.869872013956065,0.7754464277059749,0.794880661380558,0.7166374755984677,0.4792626672896006,0.7632291173464965,0.11538459319527053,0.29389312696666864,0.802217492278397,0.644744728215186,0.87272066804478,0.22880215035259557,0.7394045346632219,0.7824810373794614,0.8558610518132019,0.8086119216611362,0.6131486310739768,0.6451352429448219,0.7858542109641672,0.8243392047788017,0.531160109960114,0.7624838026886437,0.0,0.3458359800010427,0.0,0.005401234547063138,0.0,0.4191176393544552,0.0,0.0,0.0,0.0,0.0,tensor(0.)
p_84,0.9655321257229824,0.7894081712797342,0.6337828534316907,0.8147936103424781,0.43789473223268705,0.8145361835591214,0.8442423956553682,0.788163550540756,0.7307106589711794,0.7166459739120944,0.6891923149983978,0.7747819160397227,0.5875964544509961,0.8828096240533397,0.8154305989020824,0.7837696314561003,0.7266880999731186,0.601063824458654,0.8121232411151011,0.29213479863653946,0.15789473530317022,0.7890043251312353,0.6278260165758394,0.8392266736681274,0.6099843946179064,0.7143743077044574,0.8262566945791451,0.819069990486856,0.7805710376742452,0.7444603281411184,0.7090173668593449,0.8297123221728533,0.7746714437881208,0.6259204666721615,0.825955123602222,0.23880593450657692,0.3351614848558106,0.0,0.0,0.0,0.18615751345686127,0.0,0.0,0.0,0.0,0.0,tensor(0.)
p_85,0.9701387879791847,0.7967812831520507,0.6641874770734592,0.856771629252835,0.31813125341344545,0.7046885932458541,0.7783797154744354,0.8688046642061018,0.8064343154890785,0.6556434213252096,0.6022388048465694,0.7415602815842262,0.5533127510013945,0.8751391392785592,0.7621184912368775,0.7479820605441493,0.5816223474196487,0.4155251094118138,0.7822157954254331,0.0,0.4268774675436267,0.7875059157463674,0.6555263210655319,0.8476579222882259,0.49704917706852997,0.7874421229164444,0.802903053181634,0.8653443385084734,0.8144787446350935,0.6133041656425334,0.6115317402222253,0.8151158059202634,0.7791221808324504,0.6287744171512041,0.7566853740865919,0.0,0.44039878439359,0.0,0.004512409113781877,0.0,0.5429362805687495,0.0,0.0,0.0,0.0,0.0,tensor(0.)
p_86,0.9786015563030495,0.8226302808366198,0.7163209269874117,0.8732674841192977,0.3854473905069087,0.7999999997797356,0.8472327096199883,0.8888511980501745,0.8577426514475888,0.8029356334395163,0.7547268887743516,0.7760834639804034,0.6187290952655264,0.9016562963979219,0.7951684928997478,0.8006747236416228,0.7346788963864994,0.6067226839771204,0.835687152200558,0.7065217007325163,0.337662334530034,0.8179661777657898,0.7156039795397406,0.8846704328118002,0.5475599623857736,0.8286346045249765,0.8586166568611217,0.9037377798138369,0.8513368973840323,0.7936382487467765,0.777354656569295,0.8251678180290875,0.7945057883261357,0.6560121715676395,0.8564208153721258,0.4179103853865096,0.4100367171968377,0.0,0.0011554014953471896,0.0,0.6223908800305337,0.0,0.0,0.0,0.0,0.0,tensor(0.)
p_87,0.9712393270800629,0.8218352980516922,0.6754567261707566,0.8032189278470191,0.4963235248499676,0.8180066856994711,0.8518523327283212,0.8823590376853446,0.8256558292636428,0.7685860357316352,0.7546996773161402,0.700977865666609,0.7609066518135349,0.913009482765691,0.8198539598670358,0.8153115372581404,0.6925692049899503,0.6292134784328578,0.8596668805929264,0.3103447740784872,0.3021223432943528,0.826966299166069,0.6825243156503535,0.8322560782811597,0.4678030258730774,0.8267977589954275,0.8547386010414354,0.8932496973624621,0.8397251707186444,0.7899637861786827,0.7787610602660024,0.8222826588931045,0.8195173115962294,0.6699999952142858,0.8264430569164947,0.3599999280000144,0.4418444566975605,0.0,0.0,0.0,0.5330396358361315,0.0,0.0,0.0,0.0,0.0,tensor(0.)
p_88,0.968976155380101,0.7890364319510396,0.6214078499586101,0.824331579069939,0.5138339870174508,0.7977645058359091,0.8331546538544482,0.8294354395575789,0.7970940596519321,0.7507065164419744,0.784763651251116,0.7936636848348347,0.8049873352717956,0.8953134508439881,0.8225604661983315,0.8098495189880998,0.7297187088066909,0.5838509264964425,0.8275862061795303,0.19672127922601979,0.32440944626449253,0.7996983418593702,0.6403841162632573,0.807242990130294,0.4794651339115078,0.8173336095746077,0.8521149156649452,0.852980131936797,0.7704149924471051,0.7900807375267089,0.7293165451229394,0.8341953734417924,0.7777234959019943,0.6259640062598715,0.830609733939018,0.09756095181440198,0.40614096018045387,0.0,0.0,0.0,0.49635035590601545,0.0,0.0,0.0,0.0,0.0,tensor(0.)
p_89,0.9688682899506332,0.7966555476034235,0.6590944371772963,0.7943066012437381,0.26650659944169747,0.7576078071348473,0.8065452822867023,0.8329694318597328,0.7818181808829926,0.6643759691150788,0.6066372694206608,0.5957792183612856,0.6858115280029536,0.8683801964869989,0.7725175518831319,0.8173014821907634,0.536242081153265,0.6379647687087596,0.7708497756986321,0.0,0.17884130757126818,0.7957959769258789,0.6474264668924157,0.7731298061214579,0.18915159681291244,0.8058205176158699,0.8223894833965536,0.8660414490760441,0.7870688547956359,0.6168358201590021,0.6374715954607073,0.7961841856575086,0.8032876690320885,0.6212914430951881,0.751532635456606,0.0,0.32639466838971964,0.0,0.0,0.0,0.37527592990560865,0.0,0.0,0.0,0.0,0.0,tensor(0.)
p_90,0.9685408794816053,0.7933735314105587,0.6575733360674303,0.6083529012006433,0.19562419310650975,0.7767886435012163,0.8427574851140237,0.8448441363892062,0.6947590987845355,0.6762646675118187,0.6517615161432667,0.5768924279805082,0.7130786173529049,0.8689504616508898,0.7677557472142272,0.8182795676927969,0.5251358677814678,0.5251601049848115,0.8033819621987882,0.0,0.1989708370673956,0.7972882456692452,0.6681746223531462,0.6216335535349814,0.3104611888587043,0.807634889996239,0.8434035173865905,0.8615887747327836,0.7341970936602578,0.6647796955705447,0.6985666089827854,0.7863887397235091,0.8007209042205949,0.5937282188590368,0.7740343706193344,0.0,0.22857142639455785,0.0,0.0,0.0,0.4744376181096602,0.0,0.0,0.0,0.0,0.0,tensor(0.)
p_91,0.9672667149761006,0.7998951450907937,0.6842150365203366,0.8188039831883683,0.3721841295574522,0.8472547486936686,0.8599361702904228,0.8155633282309611,0.6937309526624609,0.6913811976447825,0.6986511854214595,0.7789799048563217,0.8167701849262075,0.9194250295369136,0.7958561846466665,0.7976275188668387,0.6956850844220852,0.5956813060634304,0.8042709653484154,0.15686271434064425,0.27369826252537877,0.804173061094707,0.6729873808110183,0.8483719419859177,0.3632432393162893,0.7826535415425581,0.8491336273366068,0.8700305806484842,0.7485825994637512,0.6953831115581931,0.7253278110329058,0.812865064094,0.7982795681757429,0.6051353184931623,0.815128462167986,0.16326527280300554,0.3354523210980327,0.0,0.0,0.0,0.08163265139525201,0.0,0.0,0.0,0.0,0.0,tensor(0.)
p_92,0.9752576630050148,0.8123039418245959,0.6838015629462246,0.9045793824630372,0.5416666623263889,0.8060968854180804,0.8196747196681619,0.8774313731426051,0.8393879209912535,0.8039196841157463,0.8009313136183206,0.8368271930968068,0.7442200030561694,0.905704427084321,0.8314259193407301,0.7798277958799883,0.7202403277497547,0.5293489804765317,0.8332257759442927,0.5393257820982267,0.44431418262418415,0.8226578407936946,0.7014726458865118,0.8741532973364415,0.6813808676775276,0.8421882476441737,0.8620271760991973,0.8802654513917859,0.8574768829232895,0.8408818366932185,0.7830275211398452,0.8390252571691345,0.8075880736921732,0.6760563320769689,0.8320994417035925,0.16438353912554257,0.5082568784024913,0.0,0.003320880019423495,0.0,0.6491499126870184,0.0,0.0,0.0,0.0,0.0,tensor(0.)
p_93,0.9648659204349767,0.8051865657970544,0.6138996083124603,0.8782631167602322,0.42329226849616725,0.8297762476105058,0.819920728066653,0.8585749698940526,0.8539021071952878,0.8261184560531439,0.7650085746890897,0.7686804420958646,0.8214434692919411,0.8946647925795052,0.8333697782272362,0.8445086680794547,0.6815642434302924,0.5761396646349208,0.8321882345108816,0.23529408304498778,0.48453607969910606,0.8111585996079191,0.6232653946133386,0.8336944740879229,0.5448577620912718,0.8325540534351911,0.8113800137361948,0.8813225307196614,0.8171617150928558,0.7961545633786126,0.7460802265402562,0.8345477916475056,0.842513144637384,0.6906854069359806,0.8388802764303088,0.3783782761139794,0.4880095894004221,0.0,0.005692599566483875,0.0,0.5054466120817732,0.0,0.0,0.0,0.0,0.0,tensor(0.)
p_94,0.9694699429333968,0.7908412018067892,0.6318196716332676,0.900905653477269,0.3778677411893692,0.7376040351229245,0.7833816958543762,0.8446761152368067,0.8101333322531555,0.7582872920695666,0.778884460211941,0.7918367320005553,0.7029288686589288,0.9009949951731855,0.8094723174638059,0.8236017184277759,0.7469553416916763,0.6366906417563791,0.8466874425990878,0.3050846940534417,0.3718592944061458,0.7950280257986343,0.6342456313197327,0.8935540301125171,0.5880281638377802,0.8023636223270108,0.8158955889420464,0.8689795394148052,0.7915654941960825,0.7080547588792797,0.7420792060839623,0.8320756606981833,0.7801455281181249,0.6648793506266367,0.8404299288544544,0.3368420698060979,0.4164102542748192,0.0,0.0014336917459950413,0.0,0.3877068466263157,0.0,0.0,0.0,0.0,0.0,tensor(0.)
p_95,0.9676929322500846,0.7880468964055534,0.63867523522238,0.6971496431879828,0.4350453128394228,0.8285468393750847,0.8555417886309177,0.8246259253238823,0.7656903755011292,0.6985087522168697,0.7002825457503097,0.763277065610222,0.8057032363322784,0.9026264344934626,0.7898608519100764,0.7431214980688544,0.6837447569457626,0.6232142801498726,0.8281024523556074,0.24561399199754524,0.19865771545425887,0.7885460940225479,0.6503418021376082,0.7205231381081256,0.49014084046816114,0.7979074054861327,0.822550923792267,0.8517932196889605,0.7171743688062312,0.7243735755923804,0.7486985311199751,0.8371374003481519,0.7959233176512417,0.6816143436626516,0.8449954078558353,0.4897958184090166,0.21730382075147062,0.0,0.0022573363176372875,0.0,0.38820637866814794,0.0,0.0,0.0,0.0,0.0,tensor(0.)
p_96,0.9703679583188177,0.8027489729686925,0.6907032303289461,0.8302905904557143,0.5247349776966875,0.7571576080078011,0.7876835798216105,0.8099817772777983,0.8024531185252352,0.6499530510329079,0.5977873605891856,0.7624548708936647,0.786182249779269,0.8601323645541398,0.8125524410030606,0.7842958210812696,0.6679018032982779,0.5612722117748156,0.8242891882711657,0.07843135717032212,0.21599999784000004,0.7943502807957027,0.6721657788762995,0.8146272155076736,0.2958199309353709,0.7075987238921889,0.8103079428725437,0.8421920061587392,0.7917482991912547,0.6348706847921421,0.6560628730238345,0.8332329914567532,0.7683414833963063,0.6254948485709039,0.8294567127135304,0.0,0.27942421439945625,0.0,0.0021739130198487715,0.0,0.1549636766352621,0.0,0.0,0.0,0.0,0.0,tensor(0.)
p_97,0.9761126610148356,0.8261214774000087,0.7063056416638664,0.8661302782553161,0.4027640631513913,0.752608253911779,0.8401377072392058,0.8049904026847455,0.8317768636137756,0.6723811415604694,0.4148050801252627,0.8253443503434039,0.8381300934318249,0.9066441551781632,0.8209882623325888,0.8256578924735255,0.7203155790125617,0.5244519348697139,0.8482936138434829,0.26229503896802636,0.24451939085565438,0.8299839328288477,0.7031904326300876,0.8441111379123979,0.6225680893478075,0.8308100028670641,0.8719225869678066,0.8827514325780347,0.835522200330804,0.749282545656768,0.7556423594712622,0.8077092310061522,0.827825281192916,0.6097046349187275,0.8497928169459662,0.33333326388890333,0.35861091170367887,0.0,0.016973125643944476,0.0,0.5183887825150827,0.0,0.0,0.0,0.0,0.0,tensor(0.)
p_98,0.9741142885193502,0.8082851892358595,0.6924811379120909,0.8195518876743156,0.4099868540080571,0.8257837775226531,0.8661065438228635,0.8802700069330873,0.8500247882374508,0.7845838756427259,0.7561712827300471,0.8037313402845845,0.7495446248871935,0.9010186083394488,0.8270258227659998,0.7942171615065605,0.690601897092915,0.6575107239698651,0.8617537305394088,0.4179103853865096,0.36200716521498955,0.8058684915981333,0.6809816561263817,0.8093075251140329,0.4752714056058938,0.843436072818654,0.8850886828469194,0.8952278430240236,0.8263258775382417,0.764891444827527,0.7827166605842645,0.8383079226558858,0.8318899622213705,0.6770731641261155,0.8468216178037696,0.10714283801020749,0.4402308290170583,0.0,0.0038350910466434223,0.0,0.5247933775869137,0.0,0.0,0.0,0.0,0.0,tensor(0.)
p_99,0.9743788653056353,0.8321645866446242,0.6839850791191097,0.6310599829179746,0.4313222024220513,0.8071363263715099,0.8475300091792648,0.8621425915047611,0.7970718045030986,0.8116661489205196,0.76888798709968,0.6375350104339775,0.7534046674284907,0.8989665030591238,0.8371407508869374,0.8324142871435765,0.6682389910839662,0.644780035162311,0.8582703603205118,0.43373488750182077,0.13921901291648536,0.8273419216629567,0.686842056849248,0.7039846368660734,0.44517543371518165,0.8458607194583614,0.8719406382211423,0.8920524270325205,0.8133951562973775,0.8121645789747495,0.7676282035904884,0.8271276588411989,0.8289233557734413,0.6525885514128845,0.8548520409531724,0.17241376337693734,0.22222222005631365,0.0,0.0,0.0,0.5754884444851076,0.0,0.0,0.0,0.0,0.0,tensor(0.)
p_100,0.9765088297015322,0.8257295002785805,0.7066466405299698,0.7785601549237828,0.5527638135400622,0.810577266409844,0.8454962040257548,0.8720937141748863,0.7684210514760585,0.7611851255108519,0.7794608452388682,0.7852760701784571,0.7775628607892581,0.8871644984177579,0.8122348729490568,0.7848297193373845,0.7239141251926404,0.5185185130315502,0.8284476671416867,0.2857142274052597,0.47788983337556373,0.8208255536953479,0.683803418857157,0.824827740280753,0.61213234731496,0.8327409429826585,0.8710009860190395,0.8910989551895208,0.8149711540523834,0.7868885316891655,0.7685869011113075,0.8068669519017642,0.8300297303517598,0.6918123211424809,0.8481821805351756,0.0,0.49661121074176706,0.0,0.003267973829510018,0.0,0.3814432891380596,0.0,0.0,0.0,0.0,0.0,tensor(0.)
p_101,0.9705294484900509,0.8024204685119855,0.6372642094713753,0.8955434620104299,0.49954420693214036,0.7771836908554383,0.8288887689588458,0.8816366287861443,0.8556836028605506,0.7665929195059813,0.77168596969965,0.8212273915765568,0.7394957966839987,0.9029673387480533,0.8181406912258079,0.7919999971199999,0.7448059555280048,0.4449438152253504,0.8387337049918681,0.0,0.4344797543122344,0.8103653562299685,0.6494347377486499,0.9090085768182279,0.5135387440379202,0.8110141032072493,0.8640788012448202,0.8641716500005108,0.8518301943026194,0.8025651799804824,0.794871792984635,0.8454277277822736,0.8257447981288791,0.7202737320763581,0.8442408369070299,0.3265305456060111,0.5755131943712859,0.0,0.006339144165299967,0.0,0.6379585225205977,0.0,0.0,0.0,0.0,0.0,tensor(0.)
p_102,0.9638710410013873,0.7747791748800655,0.5934471200747593,0.9058093909870119,0.628846150822855,0.8045618044211131,0.8396425605914849,0.8433542353108605,0.8103668024212338,0.8096474142227478,0.7227272710847108,0.8644400761593037,0.7423935072454525,0.9004467582051487,0.8156103776950124,0.7678381236213042,0.7498893282430751,0.5868544532059337,0.832458321053276,0.492307616568059,0.3708359499004654,0.7660886838698009,0.5987233713836967,0.8994554467769597,0.47826086540642726,0.7964025920390417,0.8502169454043685,0.849706234853935,0.81229143379826,0.712365264972308,0.6968605231681406,0.8318922171406674,0.8080257597026858,0.6138775460091629,0.8250539949055743,0.6086955860113493,0.41880341681479855,0.0,0.00850159395853779,0.0,0.5739130310018906,0.0,0.0,0.0,0.0,0.0,tensor(0.)
p_103,0.9709317525774945,0.8224723641347327,0.655780925302871,0.8114857930798783,0.31025640627876405,0.7791364066964114,0.8032471241507863,0.8720898076247914,0.8320978009726911,0.6162402662778195,0.3246050631365396,0.743563332937367,0.7254305959335597,0.8812260534813329,0.7966008764650943,0.7692307673096135,0.6952479302931409,0.6552020579948232,0.8489886387281901,0.0,0.14095744493407653,0.825388001909868,0.6657777471039005,0.853888406560342,0.46950517296311656,0.6889078540644715,0.8039408736261496,0.8791926728815302,0.8482859216529469,0.7834843900178665,0.7366051311647791,0.8314480687749387,0.832603404300235,0.6975609699385287,0.8495140857470167,0.338982993392713,0.3081570973704147,0.0,0.006359300375845782,0.0,0.5524193437012229,0.0,0.0,0.0,0.0,0.0,tensor(0.)
p_104,0.9760551050501457,0.8295873084758808,0.705625196968229,0.8136654056502377,0.302222217744856,0.8207608341022476,0.8481685151782611,0.892800788514398,0.8454310781151977,0.7832422579387593,0.7946331945582489,0.7056491540849893,0.7813280060376235,0.8952398522333506,0.8295852065671312,0.8378650532782853,0.6620123176098056,0.6011754777399204,0.8528287810114374,0.0465116170903216,0.24118315994103345,0.8297925379176099,0.689739995467786,0.7629830168488121,0.3809523754552327,0.8351504576877588,0.8544983183257779,0.9025445550105364,0.8216057726414008,0.8137618824683007,0.7768066493779436,0.8186458626421594,0.8167694184543294,0.6794258326765151,0.8496176712455229,0.04878047590720099,0.26161789792067214,0.0,0.0058997049277329655,0.0,0.3558897153912352,0.0,0.0,0.0,0.0,0.0,tensor(0.)
p_105,0.9728091651989768,0.8220770301384287,0.6690467995922968,0.7563295560523643,0.5338345814489232,0.829077217128996,0.8460393323901095,0.8647797139769401,0.8150219725462485,0.8249775374438657,0.7705868690081493,0.7061266837688127,0.772786287268797,0.9152327035264778,0.815947117521228,0.8409689288020828,0.7184676519028996,0.5922671301206754,0.8524590155713992,0.4637680487292683,0.28830873679558755,0.8241538579961509,0.6849195040036329,0.785342583994404,0.6462480808097391,0.8291096191770086,0.8593271767243188,0.8994595806690725,0.8104833714791898,0.7898644878505063,0.7598216165644052,0.8355301978796673,0.8278953902169479,0.6285253776911734,0.8424096377422557,0.31999993600001275,0.3512429803428791,0.0,0.0,0.0,0.6505050373635346,0.0,0.0,0.0,0.0,0.0,tensor(0.)
p_106,0.9669177174671776,0.7607599902158889,0.6177173387273788,0.8778941155884479,0.35969387296308836,0.8016367192666704,0.835677407817667,0.8326576115788275,0.8203585297475762,0.7280533264850827,0.7263556097695949,0.8193659355631213,0.7405986171515759,0.8935323381468054,0.7910197222083302,0.7779451618621718,0.7293689298259437,0.5937106843558405,0.8274835878971697,0.35294110726644956,0.3050605822875226,0.7668824408314823,0.6149909154387863,0.876252706994511,0.4163265249479384,0.7567108702893793,0.8504827345735856,0.8126934980326659,0.7995009347479715,0.6694205641739193,0.6717123919779745,0.8129799883039698,0.7315476168703939,0.6252220193141916,0.8385263921934326,0.0,0.35192203382825105,0.0,0.007202881065991824,0.0,0.4430894218884264,0.0,0.0,0.0,0.0,0.0,tensor(0.)
p_107,0.9732899078758849,0.8160196908839087,0.6911415745439562,0.890486228396003,0.32061068294388445,0.8185781547350525,0.8588888523271749,0.8746920671841616,0.8447653419765164,0.8019765732046334,0.7740283901000038,0.7776904918393931,0.7563153846483404,0.9164233643661731,0.8182917436316459,0.8088235269337514,0.6792452796462498,0.5597826036251576,0.8428026492242495,0.5052631047091468,0.3956574161902448,0.8051739148597908,0.6779517822778652,0.8706597630405835,0.5173745123805549,0.8291237727947318,0.8710498310625847,0.8486097891697802,0.8514027569526834,0.7893352672627775,0.7668297210183329,0.8289911002155129,0.8430926638911521,0.6528138471617849,0.8443947547063779,0.4324323739956251,0.39999999756838905,0.0,0.0024968788702012627,0.0,0.64529056823065,0.0,0.0,0.0,0.0,0.0,tensor(0.)
p_108,0.9671392709499661,0.8034235556632348,0.6501486166028012,0.8324679815204408,0.4280936407124455,0.8055966563337235,0.8444321780517269,0.8815906820830016,0.8286290312139252,0.7808601742870414,0.763644879916503,0.7299334779160377,0.7990735363847259,0.9077346681839408,0.8084821847277848,0.7892904932013641,0.7321785451959408,0.6728110547403144,0.8483280628070058,0.5503355335345279,0.24419777755602648,0.7913131299796162,0.6270986204572004,0.8478274653676959,0.4815573721151909,0.8445534503708407,0.8648033112495568,0.8959426180837476,0.8523820164925274,0.7904271540899818,0.7144827569782006,0.8112822408505453,0.8336175375551339,0.7012383846653376,0.8459857474147404,0.17021272974197238,0.38444277947312805,0.0,0.008608321253826094,0.0,0.6238531995623267,0.0,0.0,0.0,0.0,0.0,tensor(0.)
p_109,0.9712501939164758,0.8158027759848837,0.664827366953563,0.7923846396951374,0.46798602481972035,0.821986116780851,0.845961602488532,0.8895857397317568,0.8309772577369672,0.7668243692509179,0.6855803031991083,0.831497795067462,0.852660641500175,0.8885911950363181,0.8471005209736138,0.8341684542253199,0.724123708354129,0.6208695598185255,0.8507518091231188,0.7115383931213083,0.3479188863615914,0.8277724756501278,0.6817561812308017,0.8338494591203631,0.514893611543685,0.8432982328385691,0.872939793595864,0.8723925641788342,0.8398762778493025,0.809647978385502,0.7333790250551085,0.835265966468557,0.8262146873983849,0.6945481650892594,0.8395839289630843,0.36666660555556574,0.5036351586012217,0.0,0.0032467532203997304,0.0,0.49727766792599515,0.0,0.0,0.0,0.0,0.0,tensor(0.)
p_110,0.9764916402010622,0.8110442799119635,0.7101927755639947,0.8532800590720684,0.36156351202665293,0.8038398526129279,0.8540677778415066,0.8846769607577973,0.8542350614420715,0.7615658355460995,0.740512332209411,0.607017540309839,0.6173361500446224,0.8994663984031656,0.828971262868314,0.8058409929533775,0.6630754130113838,0.5844346506282331,0.8552074505078489,0.38596484456757113,0.367634121656692,0.8128697219721677,0.7084979945739562,0.8464105895534251,0.4581151772498014,0.8329494723100032,0.8682560600037103,0.8807997387369337,0.861351263890115,0.7865036667124659,0.7906976726504972,0.81043513214098,0.811064716046282,0.6515259002730597,0.8388741964120947,0.3768115395925305,0.4340044710365066,0.0,0.0029133284565671636,0.0,0.49676024845010264,0.0,0.0,0.0,0.0,0.0,tensor(0.)
p_111,0.9715722642544571,0.7816905348294243,0.6671836593675629,0.8581144024324043,0.26836157813048617,0.8161168044879638,0.7902458337782726,0.8516323555564398,0.8158351938249749,0.7146176374233583,0.7747163677362437,0.7153502208817055,0.8181111527047976,0.8927416983264292,0.8160200242456724,0.7699614105967307,0.6418193283581196,0.5128693945389,0.8122847294180208,0.13636360537190786,0.31214952979299504,0.7652191575206285,0.6332073360450261,0.8647855721525647,0.25408347996218733,0.8091168088689408,0.7952887822762252,0.8524365128961128,0.7869337573560964,0.7353880842554144,0.7768881177734515,0.8258570021294251,0.7793062177652326,0.674329496748433,0.8424677179890314,0.04878047590720099,0.333564011532429,0.0,0.011994002818680618,0.0,0.005970149075517938,0.0,0.0,0.0,0.0,0.0,tensor(0.)
p_112,0.9769126051039269,0.8368235994363563,0.7148039957427104,0.8695361067099301,0.4182509452693163,0.8167407911914868,0.8391638946242909,0.8814560797248979,0.8471875361550868,0.7930616424572773,0.765100669484519,0.8008768695620135,0.8229336804591086,0.9000616230652007,0.8237972670522696,0.7973568259984668,0.6931855210525415,0.627257794521693,0.8493103141760125,0.23809518140590918,0.3934426195561465,0.8376215380179237,0.7140582090389437,0.8546179166784393,0.47897195702135564,0.8457227810939721,0.8510504516976005,0.874862037696504,0.8192627814277494,0.780906729797377,0.789825391701174,0.8393598094849242,0.8414354776242415,0.6501597392159766,0.8609271515474073,0.3265305456060111,0.4705882322183776,0.0,0.0025380710337808247,0.0,0.39461882523276176,0.0,0.0,0.0,0.0,0.0,tensor(0.)
p_113,0.9730070300450043,0.8099250057729608,0.6935764163073402,0.8811554118148747,0.5143953885374722,0.8125985152286709,0.8688095583676657,0.8684647298400079,0.8065395086915327,0.754076538474146,0.7282345145950309,0.7972768502372282,0.7877920820510442,0.9058056459551561,0.8221169027676494,0.7988919645460056,0.7242411255911024,0.6003649580258672,0.830803612225716,0.10909088925620194,0.47173144459601196,0.8152860763257003,0.6964849646944729,0.8652886079691016,0.46106556904645934,0.8275587186256059,0.8661243217472969,0.8482825450369966,0.8220183477366235,0.7614213191188697,0.7774308635650516,0.7875755672424687,0.8583498984633451,0.6459627271875534,0.8178091325981418,0.18181814049587713,0.35731608441943347,0.0,0.004662004607668944,0.0,0.4788732298013435,0.0,0.0,0.0,0.0,0.0,tensor(0.)
p_114,0.9750847173985624,0.8178617684060138,0.7005007867352513,0.8840170656763974,0.29132569081300014,0.7788689466453318,0.8131447795839107,0.8868783425020608,0.8530434773336484,0.8218837933935741,0.7601506890746114,0.7644479841990913,0.7214397477270742,0.8970975331827599,0.8393217593466676,0.7845497848393534,0.7390438222475304,0.6282140331604307,0.8400631199850895,0.4948453098097619,0.4348925383382267,0.8138914802620205,0.6866500767305929,0.8929480864791539,0.4726661019960799,0.8079997887105881,0.8322744688166911,0.8924642133606624,0.8543154449558096,0.760457601292064,0.7854882919521445,0.8439378974747035,0.8207314318583545,0.7218710447416495,0.8420169625855001,0.20512817882972065,0.46194225479295403,0.0,0.004115226309223414,0.0,0.6462714981592448,0.0,0.0,0.0,0.0,0.0,tensor(0.)
