TransMorphDiff_NCC_Sim3flowreg2,,,,,,,,,,,,,,,,,,,,,,,,,,,,,,,,,,,,,,,,,,,,,,,
,Unknown,Left-Cerebral-White-Matter,Left-Cerebral-Cortex,Left-Lateral-Ventricle,Left-Inf-Lat-Vent,Left-Cerebellum-White-Matter,Left-Cerebellum-Cortex,Left-Thalamus-Proper*,Left-Caudate,Left-Putamen,Left-Pallidum,3rd-Ventricle,4th-Ventricle,Brain-Stem,Left-Hippocampus,Left-Amygdala,CSF,Left-Accumbens-area,Left-VentralDC,Left-vessel,Left-choroid-plexus,Right-Cerebral-White-Matter,Right-Cerebral-Cortex,Right-Lateral-Ventricle,Right-Inf-Lat-Vent,Right-Cerebellum-White-Matter,Right-Cerebellum-Cortex,Right-Thalamus-Proper*,Right-Caudate,Right-Putamen,Right-Pallidum,Right-Hippocampus,Right-Amygdala,Right-Accumbens-area,Right-VentralDC,Right-vessel,Right-choroid-plexus,5th-Ventricle,WM-hypointensities,non-WM-hypointensities,Optic-Chiasm,CC_Posterior,CC_Mid_Posterior,CC_Central,CC_Mid_Anterior,CC_Anterior,non_jec
p_0,0.9749714987274753,0.811281491984818,0.6881971701801407,0.8633382876351586,0.3504672856253822,0.7779052534112755,0.8205915137585166,0.8411214948903835,0.8227795471487052,0.8125963012205352,0.7868535505392616,0.8268251249948355,0.745501283430588,0.8945202587059439,0.8245284698091281,0.7883211660270282,0.7274036704090613,0.6853146793241724,0.8315079288254552,0.3157894182825582,0.24411508069646834,0.8074622220558447,0.6701619753277561,0.8215952323773457,0.46804123228823474,0.7113313635968428,0.8231260036732552,0.8903763848949982,0.7918232364469815,0.7632472468739097,0.7608155127776839,0.8180425524952829,0.81512057176815,0.66382978252603,0.8405977576582478,0.492307616568059,0.2876254156553059,0.0,0.0016528925483232022,0.0,0.5087719208987382,0.0,0.0,0.0,0.0,0.0,tensor(0.)
p_1,0.9734193424327939,0.804175637672475,0.6817411462228846,0.8265509128675764,0.19014084172287252,0.7977340571192125,0.8240509330545847,0.8581231075387875,0.8047529696000588,0.7832581035837028,0.7025862055200114,0.6600189902183333,0.8369148103666255,0.9018825912796167,0.8045025968784851,0.747000253390349,0.6228070145087377,0.5774058529087377,0.8269346381285454,0.0,0.25423728544240165,0.8112974762264673,0.6890977474957538,0.7771260990736998,0.12231404756505707,0.7973600230158204,0.8643073785937209,0.8836241878634212,0.7671933076589297,0.7513935333578651,0.6683310914762223,0.795865632340471,0.8012968948557275,0.5568627414584134,0.802955664342657,0.040816318200751385,0.2842430454763847,0.0,0.0017108639716778104,0.0,0.3333333249158251,0.0,0.0,0.0,0.0,0.0,tensor(0.)
p_2,0.9755849964805824,0.8256873168187145,0.706786785421803,0.8733502899297643,0.5317018850756187,0.8201564836821296,0.8599213300591729,0.8743504954686169,0.8489911311541047,0.7884397811493986,0.7813928454385779,0.8100607076753654,0.834763555167494,0.8973187977133693,0.8508634214015035,0.8203335104348211,0.7156521708015122,0.6313173104281913,0.8662762783274683,0.457142791836744,0.3477406645605043,0.8086734217717462,0.6841948409726485,0.8530579819611742,0.5837937331142382,0.8343526571813957,0.87814288464548,0.8953949736110407,0.8335040972931557,0.7485191160489832,0.7649945453517051,0.8248720127721075,0.8273291904911075,0.6872852174631854,0.8563933143641729,0.058823512110731724,0.3416898761217282,0.0,0.0,0.0,0.4751131114227803,0.0,0.0,0.0,0.0,0.0,tensor(0.)
p_3,0.9707316177290478,0.8069185949270515,0.6587986900973976,0.8377931941208054,0.40652173471172026,0.7492481679128196,0.7397533342363579,0.8460548880542159,0.8103572966724182,0.7996068964534916,0.7651403233485117,0.7729302618587074,0.7289586287946775,0.8945090938894045,0.8148427191421711,0.7944214855515973,0.7444698674886732,0.6552529131886933,0.8492043438164484,0.14545451900826925,0.29629629401005947,0.7971870775068683,0.6520463444388291,0.8753009543896634,0.3369565171609169,0.7805910214766907,0.8301201452367568,0.8692776322197403,0.7998492262848986,0.7309354999732531,0.7377014847441878,0.8043862744920532,0.7676073600794912,0.6164109365149371,0.8372213128714632,0.0,0.39258830114309035,0.0,0.007866273275651196,0.0,0.07947019604403326,0.0,0.0,0.0,0.0,0.0,tensor(0.)
p_4,0.974092088330474,0.8157074000426033,0.6828395660517288,0.8832913515804667,0.5068322918405926,0.7976773722864339,0.8488018423327447,0.8462167907663429,0.8484786175488501,0.8250087928024896,0.8022837792296812,0.7811572671322059,0.827612078732673,0.9027671906360873,0.8396929319940247,0.8100591692010083,0.6998144686463285,0.5806451573051121,0.8336696446298937,0.40740733196160517,0.38919582327074387,0.8168102453320522,0.690836978627215,0.8704325766537216,0.6069829847181469,0.826917784930774,0.8522510661639137,0.8704897257365231,0.8443027551991951,0.8039072477598072,0.8284023650484279,0.8411403235205598,0.7970728939007236,0.6470588192041523,0.8551442719759601,0.1428571088435455,0.5087000997507671,0.0,0.003574620164659337,0.0,0.6182495229376253,0.0,0.0,0.0,0.0,0.0,tensor(0.)
p_5,0.9726834470387853,0.8096951507803146,0.6773871121850926,0.9012279187577477,0.3232077725005131,0.7721607526477933,0.8165899755399316,0.871642472927396,0.837811162586017,0.8117177572902977,0.7339404362935258,0.8421604592497104,0.7764993861040407,0.8878217120103484,0.8037496212037601,0.7682596911083267,0.644621814349594,0.6396181333363713,0.8420946820362905,0.31999993600001275,0.34031745815671455,0.8084722372940643,0.6743535549020808,0.9071149697257982,0.4665718283560195,0.7686737553758648,0.8314922074975002,0.8838759592382144,0.8423005557180988,0.8337636890448191,0.794238681084777,0.8394360673199177,0.8230244866876433,0.6777777723985892,0.8499946985582586,0.3103447740784872,0.4656652335532981,0.0,0.003981420013394691,0.0,0.5886792341758635,0.0,0.0,0.0,0.0,0.0,tensor(0.)
p_6,0.9685245019751356,0.8018868568638109,0.6317519734437436,0.9105964354967999,0.46007604125403,0.7331022926411828,0.8269180413119405,0.8242174441215231,0.7870967732354269,0.7555976024854435,0.7604267682821854,0.8289328910095355,0.8113695075463834,0.8677065902254895,0.8301955426737648,0.7691911366069264,0.7040913382298223,0.6357615823867375,0.8177981643873411,0.2941176038062347,0.4248633850760698,0.7881361697361756,0.6106010473861967,0.8930186760736535,0.3285420910827301,0.7597694718868346,0.8486949740771045,0.8582394146462142,0.8007444703298178,0.7182649365104562,0.6989000900575159,0.8286418008192806,0.8165424361227641,0.6829268223279794,0.8196661821302013,0.06896550535077493,0.4384093092220693,0.0,0.001211387030821399,0.0,0.13836477552312026,0.0,0.0,0.0,0.0,0.0,tensor(0.)
p_7,0.9767725392230487,0.81890607527523,0.7077073525237165,0.8418389264134057,0.4373795718942238,0.8134162730726091,0.8504915328076244,0.8841290599061865,0.832440902661041,0.8054964531866167,0.7471962599364573,0.787316315594291,0.8164878584293472,0.889075663707135,0.8277290199904063,0.7862507198548505,0.7002518862290013,0.5958158945956828,0.8511048915843821,0.3214285140306225,0.3655030775804033,0.8187584605686375,0.7053838303829943,0.8815224060460702,0.35903614025257663,0.8310465258728182,0.864776154044764,0.9047275946878415,0.8324263029110813,0.7680643091549609,0.7250917974905953,0.8385556541942151,0.8303138534567138,0.679186223167557,0.846642095775346,0.27586202140309973,0.47794117354202714,0.0,0.008238928854387963,0.0,0.49566723577699767,0.0,0.0,0.0,0.0,0.0,tensor(0.)
p_8,0.974615399475508,0.8250134095176503,0.7000601115775473,0.8439964064058307,0.5695110204265482,0.8163018309786618,0.8538280037508423,0.8572207376889164,0.8443201157330089,0.8042915980416787,0.8073790110029253,0.7916360939411735,0.7887678105851471,0.8936738500432341,0.8322637742506487,0.808922803613376,0.7099853131057807,0.6346300485535465,0.8648163110888204,0.3999999384615479,0.38831614786669977,0.8107266514014037,0.6918143194960514,0.7859140153915467,0.577854666281534,0.8351257513096999,0.8699522970797969,0.8982762285069822,0.8448528421296406,0.788511748555421,0.7812882665165607,0.8455268181085571,0.8278508749236544,0.6872700464512874,0.8490388231727867,0.045454535123969284,0.30445752477327565,0.0,0.0,0.0,0.5220338894570528,0.0,0.0,0.0,0.0,0.0,tensor(0.)
p_9,0.9710161381687281,0.8274671762188361,0.6651617887027356,0.9024133145901765,0.3161397617946795,0.8175441762793749,0.8507884371232977,0.8800435540015464,0.8639670212609517,0.8328602143373246,0.7661862749705609,0.7203918044506152,0.8210905794928108,0.910186321374877,0.8181371334257347,0.8100910973717901,0.6175115178916519,0.658339451444971,0.8410367588045365,0.6444443728395141,0.4002650735568915,0.81816761507511,0.661569053575772,0.8953215053304178,0.4433617485583222,0.834234074352726,0.8398049996570628,0.8932580855068524,0.8213761147651383,0.8079773114921075,0.8089045607033182,0.8155475377452025,0.8166528789174169,0.6762917881740745,0.8323723220424503,0.07142854591837645,0.4202978465510323,0.0,0.0031746031494079116,0.0,0.5325203143796684,0.0,0.0,0.0,0.0,0.0,tensor(0.)
p_10,0.9707104020127826,0.824809914048773,0.648797428753154,0.8258409300922975,0.2655298384222919,0.806351726662339,0.8360600405767123,0.8744135292556391,0.8366533853047763,0.7979313579709155,0.7963863775853918,0.7708578113166555,0.8353541786289819,0.8961543658934585,0.7774654213679687,0.8011142038966178,0.7103505813424432,0.5788982205518374,0.8542124534302084,0.0,0.3533778741397337,0.8272394560406668,0.6613486399393026,0.8448791422596068,0.44331983356963733,0.83988219977186,0.8730570633607139,0.8861740861704605,0.8426051548947013,0.7916243881638001,0.750316855195782,0.799254194324369,0.8174171182151976,0.6807286607792075,0.8199633161309361,0.5057470683049347,0.4105960237708873,0.0,0.0,0.0,0.4558139428880479,0.0,0.0,0.0,0.0,0.0,tensor(0.)
p_11,0.9695781309337642,0.8152522948844659,0.6861360130439104,0.8928513532524391,0.5964052238855783,0.8081344474525134,0.8296102425670503,0.8823175857180445,0.8417283351137165,0.7455991415015646,0.7462757135344628,0.7896365012001682,0.7524324303988312,0.8791361324217403,0.8434843475912748,0.7850267358689125,0.7311511558251153,0.537918866508652,0.8524039461973505,0.0,0.46351489998193784,0.7970891716116105,0.6629220055617978,0.8938195338983833,0.6769230723951634,0.7987348859095527,0.849311436714831,0.8926246597404888,0.8381489832526535,0.7390234663710982,0.7793190396486278,0.8522177020606065,0.8384420354034524,0.662131514269603,0.8647753149049748,0.26086950850662854,0.5454545430705657,0.0,0.003916449060597591,0.0,0.518783532758792,0.0,0.0,0.0,0.0,0.0,tensor(0.)
p_12,0.9709049023708866,0.8157788668856539,0.6562647837399138,0.8697578260226825,0.4031620500242154,0.8119489583617894,0.8324156076553211,0.8835807562877661,0.8248017293621706,0.7939708931455605,0.7862645811440357,0.7452440002264515,0.77256469435606,0.9037341343884152,0.8281405032465365,0.7728490599200682,0.71863276065597,0.5104072351999346,0.8174238868220853,0.0,0.45040214175333687,0.8088152718460895,0.6408347694341724,0.8472371583718763,0.3622448933387131,0.8090460335646777,0.8516408568795876,0.8728493043877648,0.8378320470888688,0.8012599057089413,0.7808691635298479,0.8294230761255548,0.8243546553749869,0.6506955127457843,0.8477237040837348,0.0,0.39115410925256316,0.0,0.0034387895342545063,0.0,0.5896907094909133,0.0,0.0,0.0,0.0,0.0,tensor(0.)
p_13,0.9790707187935661,0.8409570125844926,0.7105309786671206,0.846036084829942,0.40376850062222747,0.8129179908930914,0.8499337470639562,0.868750657368303,0.8483406674814552,0.8148357330181345,0.7453191952508027,0.71383647424614,0.7240356063554475,0.8911940296844787,0.830581553443494,0.805119253039211,0.7037505237937187,0.5615251251167667,0.8455300058720255,0.36363631641086797,0.28467152938355805,0.8377637491324704,0.705063543299176,0.8035776669669641,0.6623093633819218,0.8009509836610473,0.8566723590539244,0.9034645495530063,0.8545582696727464,0.7816970401903811,0.7957977658222856,0.8345749557765334,0.8369292502836697,0.607175707385688,0.8543393342342199,0.19230765532545088,0.37499999674479173,0.0,0.0020768431767721374,0.0,0.5454545344352619,0.0,0.0,0.0,0.0,0.0,tensor(0.)
p_14,0.9777408857563468,0.8239810648120145,0.702805525898158,0.8161333327892445,0.5342465701150042,0.7898881058874098,0.8494823599828198,0.8740948876720551,0.8252401962798751,0.7954839896395669,0.773785308985796,0.7331189676935279,0.6606308391920828,0.9116265880612382,0.8308008205022579,0.8030426492718211,0.7251461964745087,0.619626921170909,0.842034805085069,0.5384614694280168,0.29286607893784633,0.8160794323573166,0.699806480984756,0.7817949801941344,0.517791404689676,0.8282806753614255,0.8695747450359272,0.8883133695433726,0.8200737607744023,0.7783618457628196,0.7702417254864077,0.83600198822874,0.8433487394880618,0.6650717650313257,0.8569229280699289,0.23076918639054106,0.2730227489379984,0.0,0.0015600623903271264,0.0,0.5406427118971132,0.0,0.0,0.0,0.0,0.0,tensor(0.)
p_15,0.9631088715911457,0.799879211409346,0.5998277248446688,0.9165831864311402,0.61203007058624,0.8191306107274865,0.8271586115169155,0.8744363284379573,0.8360963390114227,0.821723500610392,0.7619047599329587,0.8389214517258583,0.859855676845353,0.8966263548883439,0.846760442405413,0.8412895200208012,0.71799999641,0.5749440651572253,0.8479464930003695,0.5684209927977902,0.46880269550982184,0.7750979700604937,0.5925464514073631,0.9198586631723008,0.6105873777332315,0.8237633430461999,0.823753543691268,0.8781988344275157,0.8221509264581519,0.8124364958215439,0.7856420607036347,0.833540887470381,0.820714886516423,0.5691788462409578,0.8530324975646528,0.2999999250000187,0.4666949492291262,0.0,0.004379562011828014,0.0,0.6361828899367219,0.0,0.0,0.0,0.0,0.0,tensor(0.)
p_16,0.9726806572269292,0.7930175077457533,0.6611275827563452,0.8878291516732915,0.5869565168314672,0.8176414582462389,0.8547242951890296,0.8448055711869962,0.8128479645783755,0.7454347817984405,0.7124239776011643,0.8238095210074505,0.7842876147707777,0.9024172173416327,0.8358827584763814,0.8174015956868849,0.7609022527785629,0.6299212536425074,0.8065028489147876,0.33333328703704346,0.36784140766607154,0.7918255558699995,0.6549092702488312,0.8707743330906262,0.4032258023868367,0.7982038437743445,0.8670998770759543,0.8570897597366725,0.7207726672613916,0.7326325402963523,0.7370622040327699,0.83418972249586,0.8337524424874198,0.6944181580471319,0.8042129012561474,0.1016948980178139,0.439276483517951,0.0,0.0032362459023261183,0.0,0.5145985307555013,0.0,0.0,0.0,0.0,0.0,tensor(0.)
p_17,0.971631061592871,0.8099311121794104,0.6583201720294087,0.7703560284121996,0.5162689767442591,0.8137355896949384,0.8513861730452208,0.8197736381161378,0.7816064909072016,0.7472754747058504,0.6916634931639447,0.8011145914276746,0.8176164047442992,0.9211266319717389,0.828118073904691,0.7934734001039934,0.7172774842285807,0.6576271141855788,0.7871450577539474,0.07999998400000319,0.35328184987179684,0.8047769305363448,0.6627829459612924,0.7890166335683607,0.33696969288521583,0.8012447250521594,0.8659778893095169,0.8317512438648719,0.7648590504190433,0.683607545280724,0.6591506939888188,0.8202080230124369,0.7931338010714486,0.6507747279453234,0.8048144734707035,0.09756095181440198,0.39747633755933487,0.0,0.0022471909859866183,0.0,0.5380710568854306,0.0,0.0,0.0,0.0,0.0,tensor(0.)
p_18,0.9745989744168625,0.8233341874647151,0.6828975933587933,0.6610048268719786,0.328523858728925,0.8329573855901489,0.8408279799554361,0.8579433239066995,0.75364203856186,0.8019180463801935,0.7811260888558167,0.7320201523956932,0.8037661030630175,0.9002346380925084,0.8138236418811864,0.8221302977711212,0.7059916362935826,0.6324284619777809,0.8399249907603776,0.4179103853865096,0.2196969669230181,0.8347045290283789,0.6950765908587236,0.7569498904078868,0.5235892643516257,0.8415975882919072,0.8662882854610854,0.9062742858368612,0.7862277704802273,0.7542953865812142,0.7880029791579677,0.8205773893150666,0.8086675868864279,0.6554877998819527,0.850029637691566,0.15151512855831384,0.3276955567896876,0.0,0.001659751023570531,0.0,0.40294839304795105,0.0,0.0,0.0,0.0,0.0,tensor(0.)
p_19,0.9718225342343328,0.7928306496708146,0.6586883947171012,0.8340836007497855,0.3626126085291373,0.7741819774472556,0.7969939284416235,0.8363008391375568,0.7945429729951665,0.7379588364757492,0.753318305150718,0.8012820480717866,0.7179752047572954,0.891425611424929,0.7954032415397053,0.798707020867743,0.7500999570167934,0.5760869502599245,0.8212636328768167,0.0,0.227324911282148,0.7896761359806674,0.6502786547113881,0.8344514462055624,0.31161472646438065,0.784193892550243,0.8224297574052789,0.8874448253510024,0.8128195525466773,0.7240603911296066,0.7549167908348038,0.8134802873956335,0.7891891869439852,0.6266986360775488,0.8188590664161046,0.0,0.3637860052363292,0.0,0.00918836126817211,0.0,0.2724014239282644,0.0,0.0,0.0,0.0,0.0,tensor(0.)
p_20,0.9682310784152917,0.804960202243024,0.6363887374710635,0.7491918889588658,0.12499999804687503,0.7852299526372764,0.8221197111156849,0.8311676588922723,0.7161111101165124,0.758796991910679,0.7356727195632645,0.7023217217980028,0.754113773497617,0.8891940354939024,0.7734701627009976,0.7826941960580327,0.6428864262284278,0.5917471414245202,0.8239244156914778,0.3908045527810859,0.1067415715345285,0.8000315898398359,0.6217369618612187,0.7634612341990674,0.6363636324547689,0.76351369138879,0.8177439939628012,0.887917762880311,0.7092034020247443,0.726543452043615,0.7401664131237398,0.7836764167716898,0.7842846533622815,0.653922210587197,0.8280176068978163,0.13698628260461881,0.33853353870098646,0.0,0.0,0.0,0.21932114309866468,0.0,0.0,0.0,0.0,0.0,tensor(0.)
p_21,0.974975851805153,0.8243964587303746,0.6743982331293369,0.8858841201626872,0.5841150682669477,0.8146320797352091,0.8231436305920444,0.8903346636648752,0.8611454461669289,0.7852433012392595,0.7676767661259055,0.7630904402669701,0.7652289889612517,0.8884890886409313,0.8362153047475257,0.8148574695800245,0.7082526125212993,0.65373133840499,0.8573445074041954,0.2372880953748991,0.4312015482984421,0.8197838554868326,0.6805373674875637,0.8803927629192854,0.6648900688548297,0.7964638050489522,0.8431038746894887,0.8849189858304326,0.8489753012622435,0.7802536846243969,0.7968173863830441,0.8530952169201552,0.8158458222273933,0.7132564790111204,0.8595938367825684,0.17647056228374083,0.49977324036384013,0.0,0.004766444209883487,0.0,0.7002652427020525,0.0,0.0,0.0,0.0,0.0,tensor(0.)
p_22,0.9708029218604639,0.7796567937599718,0.6720336232673854,0.6931881625536096,0.25389221252823696,0.7881335913864297,0.8129829984024818,0.777557755408978,0.6990243893914337,0.6147303649884814,0.5358622181472374,0.5859247111868874,0.6759425478547071,0.8549306412486384,0.7966101687577283,0.7550870292839249,0.5345384101532007,0.5907928350972326,0.7830204627236425,0.0,0.09836065412523519,0.8021895354413048,0.683316032369932,0.630642838459691,0.2580019373617659,0.767621678698333,0.7813690600250249,0.8605756936138986,0.7382164763830572,0.6422372221949354,0.6642223067074059,0.7841310903112281,0.7642350771455865,0.6004258296634079,0.7700354304285174,0.41121491483972755,0.1825557790815844,0.0,0.0,0.0,0.4667802305488888,0.0,0.0,0.0,0.0,0.0,tensor(0.)
p_23,0.973215813704115,0.8128509436287055,0.6715099864266035,0.8679798617390978,0.4465558141739215,0.7987842752687052,0.8283688973915179,0.8443873614978745,0.854493579583341,0.8315495122634755,0.7693705958432843,0.7418738014250773,0.8162185967029119,0.8857110471350855,0.82088438910934,0.8212703077658189,0.6789838305820608,0.6106750344531002,0.8517315004626019,0.6486485609934377,0.3372717471829028,0.8103295537765752,0.6560972085885425,0.8767993221439462,0.6088379655577908,0.7450413320933551,0.8209501762665103,0.8924328717697679,0.8592216181323229,0.7931523492776009,0.774038459846944,0.8348494028352038,0.8432322180901549,0.6207430292512149,0.8550751871662827,0.44067792875610773,0.4858670703906259,0.0,0.005400540005395679,0.0,0.560420305421711,0.0,0.0,0.0,0.0,0.0,tensor(0.)
p_24,0.9659651439850658,0.8052362435002494,0.616978679098702,0.878393135382842,0.5059459404762601,0.7840472834578818,0.8215276266572271,0.8541666661306685,0.8107360254417044,0.8031570931883253,0.7586872568564497,0.7893061718990891,0.7759664630275583,0.8883258327556771,0.8484131669146332,0.8115942005922301,0.7726809358494369,0.550873581183211,0.8340502142302189,0.33962257742970237,0.3922141100135566,0.7941772667933655,0.6155897524135513,0.8764218059199611,0.4876033007478998,0.8286868801916663,0.844275704908413,0.864257326835409,0.8121463066775069,0.7797781025960037,0.7771401224841222,0.8541666658272733,0.7991033880663956,0.6869647888966243,0.8358710481614291,0.15384611439843218,0.5195876261876926,0.0,0.0,0.0,0.5984962316015604,0.0,0.0,0.0,0.0,0.0,tensor(0.)
p_25,0.9694513746820463,0.8094773709545974,0.6356242894015716,0.8811592160935676,0.38875877764919464,0.7852160383436503,0.819744424192362,0.8450938066051836,0.8363736101544732,0.7587862903746057,0.7164179088276393,0.8256676527237846,0.7965210339876193,0.9021283507876314,0.8409392992105101,0.7997992955348738,0.7374999969270832,0.517343899729,0.8244680843232636,0.15686271434064425,0.30318257702527157,0.8096941884212046,0.6447802125259268,0.8694966483245733,0.5225694399082514,0.8010842168431489,0.8136622390320007,0.870578343120186,0.8221617600517416,0.725745855551662,0.7036470829795871,0.818365472159444,0.838519311055474,0.6840775005553706,0.8083838084718933,0.0,0.3294270811886258,0.0,0.008207934224241667,0.0,0.46389495702636857,0.0,0.0,0.0,0.0,0.0,tensor(0.)
p_26,0.9757026964932707,0.8125551224235427,0.6913436438559051,0.6606495144153104,0.24083769318275272,0.7657745048798944,0.7959069344701135,0.8665771807427773,0.6890675618755939,0.732991571176478,0.7217054249579352,0.5577956951761042,0.6650046722810699,0.886073989053986,0.7835115763850986,0.7456492612260733,0.5830258271848928,0.5474956774827662,0.7512020204130047,0.08510636487098619,0.12093023068325225,0.8071151686508454,0.6778295309479065,0.7545689720816415,0.5264227588778175,0.7243690672714991,0.8033878723629932,0.893848138904147,0.7496717192913075,0.740252292870554,0.7451913528748932,0.8075197598723353,0.8308895378595974,0.6655290045603327,0.7683020144815049,0.0,0.21707059834488307,0.0,0.0,0.0,0.21192052512316722,0.0,0.0,0.0,0.0,0.0,tensor(0.)
p_27,0.9624271026008723,0.7824399919824184,0.5780105844174359,0.9046270812155489,0.5916870379481233,0.8033790188192457,0.8207544454724094,0.8150989544056599,0.7929542637072989,0.7847411437459629,0.7820157664990076,0.8309955510930628,0.790680193929575,0.9118088735645377,0.8336767728057337,0.7828436312636148,0.7154529281866681,0.5762394707554773,0.8377029839084614,0.4857142163265405,0.47494356444720737,0.7714355239467535,0.5808794417409916,0.9019500941702767,0.6742902181613161,0.7556725143989261,0.7968832188411744,0.8686214541772372,0.7651667328594147,0.8287263813604563,0.7672192370599598,0.8162557070171181,0.8283703280228198,0.7172300023311624,0.8463607175792828,0.19999996666667222,0.4739884377842375,0.0,0.005323868662159513,0.0,0.6059782526361651,0.0,0.0,0.0,0.0,0.0,tensor(0.)
p_28,0.97596658842308,0.7980973341485028,0.6969486674296514,0.7439969503595496,0.38983050375507866,0.7782456303596138,0.7880349381511605,0.8222046434218023,0.6463216516055679,0.7084301354891884,0.6770932659220041,0.614790283582835,0.699531979096624,0.8867031778088179,0.8023363612068085,0.7618025730638343,0.6081200326208295,0.5631216483311274,0.8178144757397976,0.040816318200751385,0.23827252242537214,0.8015869758850972,0.685786700046887,0.7646254778809285,0.25870646337136877,0.7426075097238434,0.8011463874984384,0.8846312315180103,0.7016974800500622,0.7144189194588294,0.7471952117666507,0.8117927329642717,0.7699115024208446,0.5638166012155106,0.8304293148639939,0.11320752580990079,0.38575268557961906,0.0,0.0,0.0,0.0,0.0,0.0,0.0,0.0,0.0,tensor(0.)
p_29,0.9697051188148712,0.812823213252467,0.6397208447364537,0.7693651712511902,0.291120810900716,0.8240309718338868,0.8497309323310215,0.8740112101870129,0.8212759675537411,0.754008345317364,0.6262359907136102,0.7797010197494059,0.79043372357026,0.8951129238016295,0.7961796374759402,0.8132361166202016,0.7234219239060551,0.6133333274920636,0.8407079638723686,0.17857139668367916,0.07901907249292817,0.8095446523434128,0.6264579900050071,0.8245696923222614,0.37454981543157484,0.8497679213899515,0.8685703901886552,0.871892924939887,0.7957984234140323,0.788297764965136,0.7759412287053691,0.8191060801658296,0.8363800477626269,0.648506145443707,0.8353626249908571,0.39252332780155813,0.21379310160523188,0.0,0.003215434031906205,0.0,0.40347070708306493,0.0,0.0,0.0,0.0,0.0,tensor(0.)
p_30,0.974490634739391,0.821559657035697,0.6861361528371562,0.7623397867723345,0.3127962048246895,0.8368821938439923,0.8674301102941306,0.8386490625334277,0.822713766014401,0.7818428177660546,0.7556935802159553,0.7126338299244803,0.7780255406891841,0.910951162793565,0.7997694073791608,0.8071303307798645,0.7103911469364237,0.6274205993228459,0.844171158318589,0.48648642074507825,0.28435114232489367,0.8170755547503887,0.670509750761682,0.7760725242515009,0.4555808604147966,0.8274125457754431,0.8529395381126216,0.8952759192645925,0.8212799450891014,0.7962139911142272,0.7728646999756903,0.8215451570352329,0.8176331650022746,0.6972111507489299,0.8423026738076462,0.28571424036281895,0.37928519052308396,0.0,0.0017436791478319168,0.0,0.5767097860127581,0.0,0.0,0.0,0.0,0.0,tensor(0.)
p_31,0.9740614241010347,0.814154637768666,0.6721037040515921,0.900316094469868,0.5737122506775111,0.8355869431758427,0.8375363568998283,0.856319472530542,0.840103491798055,0.7802241785626259,0.7712325508132658,0.8297148814289435,0.7284698426956285,0.9005405798632952,0.8355224457601231,0.8053350244352651,0.7675585262888558,0.5818847156277702,0.8543474239852802,0.44848482130395023,0.4693753761711621,0.8106335632418581,0.6520413472551918,0.9007919046411527,0.6671755674261407,0.8258394661839237,0.8308994903525737,0.8629201393584727,0.8306192786988954,0.7329351528019037,0.7650137035509252,0.839737208003447,0.8144821756539933,0.6969696903696052,0.8546125453370733,0.1428571088435455,0.541475824216408,0.0,0.003842459136960047,0.0,0.5480426948746852,0.0,0.0,0.0,0.0,0.0,tensor(0.)
p_32,0.9745218229877102,0.8073509443055499,0.6481770244276319,0.8115960738561493,0.24778760623384768,0.8273094460384861,0.8388467141447092,0.8765957441834918,0.8303474472986598,0.7633415427305609,0.7568197697439503,0.7037815089087106,0.7102803717573587,0.9011634692203658,0.8227453500776681,0.7868963161536767,0.7088487121367806,0.5330812804056589,0.8361434552062008,0.035087713142506465,0.23142856812244902,0.8091659802081677,0.6660885460266255,0.836393490941638,0.3825887699588915,0.7716565555086471,0.8476552294876321,0.870489057757094,0.8562795574667899,0.75329687921808,0.7814539707822329,0.8198493909829606,0.8179723478745036,0.5940594000588179,0.8409981825786421,0.41025630506248584,0.32558139219397875,0.0,0.006787330239962328,0.0,0.4578313161078049,0.0,0.0,0.0,0.0,0.0,tensor(0.)
p_33,0.972170923799295,0.8191037076405038,0.6503193240602789,0.9161440676025118,0.4360902190061621,0.7941236794190022,0.8272365133463483,0.8935589852497929,0.8294217265552605,0.8170778712248672,0.7623116690750806,0.8249227579172946,0.7561687430189208,0.8948548247767479,0.8320073782635682,0.7715803427238368,0.7213474891199286,0.680161936435608,0.8528415498185533,0.7297296311176174,0.4572175019123612,0.8147327807806528,0.6491570642456367,0.909287810735761,0.44795783336023937,0.8328020279543156,0.8572646270888707,0.8989247306142159,0.8207429558454962,0.8034884815589265,0.7779056368747856,0.8331300578410799,0.8380281665550816,0.7274290565139376,0.8569282755755462,0.11764702422146345,0.43823146659147294,0.0,0.004175365315411515,0.0,0.6527999895552002,0.0,0.0,0.0,0.0,0.0,tensor(0.)
p_34,0.9698095073072263,0.8164756934058515,0.6756605696533083,0.8687204123264607,0.5417024888933578,0.8454668618228034,0.8587576493264154,0.8861597603128152,0.8467725710368263,0.7745894835175074,0.748845021526995,0.7636826441931156,0.8182586630291485,0.9126777311753129,0.8386051821278533,0.7927648558326489,0.6787033209737245,0.6221864901753498,0.8569606406186583,0.3103447740784872,0.40160106469912565,0.8165889644287108,0.6649931076072099,0.8811444356338766,0.38367346547271974,0.8473466572342789,0.862919255009222,0.8927132115822278,0.8598788344148145,0.7545299138850172,0.7824835510228546,0.8291274785090534,0.8371884104262556,0.7352327954466102,0.8634903632552727,0.199999960000008,0.3798882655035736,0.0,0.003947368395083103,0.0,0.6692606873684691,0.0,0.0,0.0,0.0,0.0,tensor(0.)
p_35,0.9664816826959517,0.7859807263752836,0.6257440140598123,0.8679490297589688,0.5102207644299201,0.7692222435595516,0.8369680257884242,0.8164654901390357,0.8104810747116581,0.7152212733526282,0.7659781269356547,0.7545353544815425,0.8207465259966439,0.8986959455461934,0.8208869256854608,0.8162736439070389,0.6652062772354644,0.514462804602657,0.8235183435338492,0.456140270852584,0.3606557354309222,0.7914043537496303,0.6151207768897302,0.8509777473986235,0.6129753880706075,0.7827189763770728,0.8346285083237669,0.8759108776535198,0.8473123852930247,0.7351762401241638,0.7883585546254749,0.8282693741544416,0.8132635235312751,0.6483232962310981,0.8234971671628931,0.3928571077806154,0.3767413665854551,0.0,0.0,0.0,0.4422700500534237,0.0,0.0,0.0,0.0,0.0,tensor(0.)
p_36,0.967408723679617,0.8108639827580519,0.668347991079079,0.7699288002443607,0.3052294524521937,0.7988261827180108,0.8524144819673757,0.8520167022199713,0.7642131969997294,0.772632152877234,0.7541966411786638,0.7076366890752973,0.7442173798692626,0.899075289025685,0.7859575576054864,0.7743396206934852,0.6407452383930934,0.5285832599123177,0.8079480432905922,0.17857139668367916,0.10850439723600591,0.8127699422181325,0.6662785297107858,0.7854853181270128,0.4702653204916256,0.7935809671656198,0.8496647120222726,0.8871052002435976,0.7719754244187436,0.7706839244615323,0.7761020866664693,0.8110509727675491,0.8031950281713002,0.6114911038885698,0.7963709671244021,0.0,0.2546333581415523,0.0,0.0,0.0,0.0,0.0,0.0,0.0,0.0,0.0,tensor(0.)
p_37,0.9664036480657359,0.7845714224798082,0.6042228973172041,0.9010507216718192,0.5680147006616296,0.7950597752577921,0.8403374472141898,0.7869849872449012,0.7735316737964457,0.8177186224210059,0.7498628613552856,0.8180235071440499,0.7862165945001955,0.8969785940649158,0.822830230070834,0.8153266306051299,0.6436005607774948,0.5456674409172431,0.8297090021749038,0.589285661670923,0.501766781497251,0.7722588910105924,0.5935734660682991,0.8891764838533817,0.49719625703554904,0.8105450358796565,0.8462457337282249,0.8484686007315404,0.7905597420109234,0.7959710099545867,0.7698878783505395,0.7764542606956699,0.8115942006792611,0.6346863410084286,0.8216588827866813,0.040816318200751385,0.35688332516397525,0.0,0.00823892889681293,0.0,0.5806451514321707,0.0,0.0,0.0,0.0,0.0,tensor(0.)
p_38,0.972082229457841,0.8011289066630269,0.6832527509074796,0.8119139545845021,0.30614524797603077,0.7346213918876646,0.7998501918916483,0.7861327595882114,0.7563237766058982,0.6856793637342846,0.574074072745199,0.7711896602599969,0.622637104731302,0.8748808911392507,0.7838403982206081,0.7015706786950381,0.5698216285235069,0.49206348718190984,0.819138229970599,0.32835815994654327,0.34873949396670434,0.8008559858452804,0.6724007478153321,0.7947108396411766,0.36161096519613567,0.7938004060509533,0.8106567680342597,0.8551909372561072,0.7700107866558675,0.6222583259319067,0.6535792174230037,0.7875338240295476,0.8030690518412718,0.4223034696315954,0.8019829755850875,0.23809518140590918,0.3113248783938571,0.0,0.004349401941466466,0.0,0.4999999916666668,0.0,0.0,0.0,0.0,0.0,tensor(0.)
p_39,0.9723825205797224,0.8327462959453779,0.6934963074961704,0.7857142852040816,0.4621026838373755,0.8201850525346258,0.8584275275801895,0.8808369199145443,0.8234002844655908,0.8033676023610722,0.7739783136489193,0.7799063398045707,0.8037300159775089,0.9184295847776267,0.8257340406596513,0.7910489488362267,0.6809302293910221,0.6941431620090878,0.860066467675296,0.39285707270409415,0.32129513921176667,0.8259215403948795,0.6849586289553454,0.7596384140001249,0.39356435156479763,0.8103019536389204,0.8577254016351177,0.898947829406539,0.8038042308144858,0.7918275411906149,0.7584351050332538,0.8223262918643541,0.8129308276374357,0.6956521686982596,0.8528605365994695,0.2916666059027904,0.2546522991708884,0.0,0.0022883294932685414,0.0,0.5029940019362474,0.0,0.0,0.0,0.0,0.0,tensor(0.)
p_40,0.9719925638771344,0.8032024920553289,0.6672777739607282,0.6869474773037377,0.38276298627676825,0.7306959439962047,0.7636398454716645,0.8362842826780319,0.6849381510005601,0.739530483498555,0.7300444617191522,0.6472868185693468,0.6938572477148539,0.8885625916322655,0.8116265104933323,0.7647476883090555,0.6451890006649956,0.5848252294558804,0.813675485484798,0.0,0.1122302142125149,0.7966144541559878,0.6557230023130616,0.7189438235699595,0.2726146186788771,0.7942353638212422,0.8225081462061933,0.875186144793345,0.6983686211982314,0.7064966184143656,0.6589572703666067,0.7802826372978781,0.7270239436099797,0.5789473641889813,0.7901309771625564,0.0,0.25426620943458866,0.0,0.0,0.0,0.3562231683213913,0.0,0.0,0.0,0.0,0.0,tensor(0.)
p_41,0.9669507290477873,0.8116580499985934,0.6382414322636879,0.8850796555709772,0.5196581152165973,0.8167548246413853,0.8138694661501767,0.8379813261500083,0.8367289178880463,0.8012255833002436,0.7805728498615869,0.8376205765337069,0.7794413390403546,0.8908589363852641,0.8347305380890913,0.795403585214676,0.7500831921794237,0.599817679126548,0.8515829795809811,0.5970148362664424,0.42289039562128805,0.7997637500232126,0.6260091252206792,0.9003834779718439,0.5303454665700703,0.8115002548508446,0.8246614444926754,0.8661241219692339,0.8321501003649213,0.7737763621430797,0.7972474789942308,0.8483789547191041,0.8166948651531447,0.674743702938083,0.8423353097696583,0.19047614512472733,0.5410752664899988,0.0,0.0,0.0,0.6666666548463359,0.0,0.0,0.0,0.0,0.0,tensor(0.)
p_42,0.9707854764563468,0.8278096677551421,0.6562256739774152,0.727387330028847,0.3510791316391492,0.7949043290882342,0.8433199767462356,0.8521674295174313,0.8374017365364753,0.8006114447304754,0.7676227497140916,0.745762708252965,0.8434557105998967,0.9054845717678427,0.8462436737580346,0.7788410399286522,0.6322454913188237,0.6824427428821165,0.847334634991781,0.5319148653236774,0.2914691908593698,0.82137250744466,0.6662816703141379,0.7614703037446527,0.3496143913931312,0.8092229941015943,0.8543406369824578,0.9002596784110838,0.8176132727279984,0.7846934930568884,0.7976717094349902,0.8205854572043575,0.7980841925936873,0.7346637048435795,0.860658840533265,0.42201830990657707,0.38276552722679835,0.0,0.001730103791262078,0.0,0.552631568559557,0.0,0.0,0.0,0.0,0.0,tensor(0.)
p_43,0.9629391564401014,0.7969923493830432,0.6486250786062278,0.849820802015561,0.3807303777721027,0.7750095454431535,0.827081977628511,0.8580596279432864,0.7895774022448244,0.8214312247741464,0.8207678519578917,0.8030345580133897,0.7502499485097982,0.8904856692899474,0.7935886817716994,0.7731838337463588,0.735506000907355,0.6746826942238965,0.839026709329455,0.42857135204082997,0.17675159094943002,0.7952272190165186,0.660504596549451,0.8623751821990073,0.5992387134353523,0.7795118356023513,0.7993230537295147,0.8969679818470467,0.7812952609338969,0.776579813734217,0.7769488982153135,0.7882262456909556,0.7644859798794655,0.7004548362543546,0.8533683426164205,0.24242420569330217,0.28673408514732845,0.0,0.0018198362064611635,0.0,0.6139896293524659,0.0,0.0,0.0,0.0,0.0,tensor(0.)
p_44,0.9739385128783171,0.8039335299025544,0.691505130463818,0.7802462337297983,0.491405455091957,0.83443210567407,0.8354041515344326,0.848697128456882,0.8231884048426802,0.7924773014707456,0.7986496243099841,0.6523364455498296,0.7969616078896292,0.887278987037392,0.825700352972846,0.802996668138189,0.7336787539423877,0.6676300529795517,0.8478048772216538,0.17241376337693734,0.32645739617527,0.8025537408148323,0.6744297657578963,0.7456147999427395,0.4516128982023037,0.8307514872924034,0.8479651366577018,0.8832876707488835,0.7770187841217141,0.7650567627813578,0.8118081160841129,0.8208685728206133,0.8183085482845991,0.6562091460378487,0.8478497272883344,0.5684209927977902,0.3330664504958651,0.0,0.0,0.0,0.5167286149306949,0.0,0.0,0.0,0.0,0.0,tensor(0.)
p_45,0.9634567025188683,0.8016364368204251,0.5985975568057935,0.8897398650759962,0.48680351430299595,0.8061338128427042,0.8396325998464849,0.8153034296489164,0.7684820385069733,0.7741096430831236,0.7345385329815926,0.8476420772441291,0.7585710842518075,0.9075608914003589,0.8216412629235478,0.7813525910001556,0.7155898851278445,0.5963213882253496,0.8411836798798953,0.2903225338189461,0.3382045905483327,0.7811015214750406,0.5921495238458784,0.8945103388016924,0.3607361918928075,0.7881813493262659,0.8259092443142392,0.8479849419574929,0.7719155007940448,0.7529595703004696,0.6843501311132845,0.8250099080211951,0.8164538983930385,0.64697405873938,0.8274909334937913,0.0930232341806432,0.3457013559018038,0.0,0.0055172413602853744,0.0,0.3171806097537311,0.0,0.0,0.0,0.0,0.0,tensor(0.)
p_46,0.961754858041798,0.8100350374089837,0.5766758198244601,0.894968989791333,0.5242009084547863,0.7780208849383339,0.8068959566912856,0.8104423184429307,0.7901143479772356,0.8090093754494401,0.7802904051885494,0.8043899263899614,0.7426395920237573,0.9028927557389774,0.8244655346328583,0.8095238072015954,0.6867335537468094,0.6188605047263211,0.8527765430006428,0.26086950850662854,0.3977849543249425,0.8135359520247204,0.5808090496834525,0.9067148735855389,0.4797890994746125,0.809595745721918,0.8411750724992132,0.8261446578046092,0.7235923677017306,0.7751821680505978,0.808187670634343,0.8385778495723561,0.8169717115447263,0.6439499259808767,0.8343245531631034,0.0,0.4379056666468815,0.0,0.005518087046235172,0.0,0.44876324295471304,0.0,0.0,0.0,0.0,0.0,tensor(0.)
p_47,0.9689105999858425,0.7785847443582873,0.6108726442044661,0.8978928197845358,0.5816767477023477,0.7806613867774342,0.8379530776210374,0.8530109051369068,0.8310161627319813,0.8041640890495114,0.8113821116222707,0.8140043741411258,0.7943373952136504,0.8878768661463313,0.8096352634975276,0.8022535188668914,0.6776268739184171,0.7145669221007193,0.8365683221694795,0.2571428204081685,0.43598286322711627,0.7667270971832238,0.591215542727966,0.9031644428412727,0.6321913339871278,0.7185780541242248,0.8431048546756814,0.8523296587848637,0.7936641132973208,0.7709532941235303,0.7528846135747966,0.8329836332008145,0.832183905654644,0.7021276533499322,0.849697085441199,0.2571428204081685,0.4898477136639267,0.0,0.0032278889502004872,0.0,0.5145413755136158,0.0,0.0,0.0,0.0,0.0,tensor(0.)
p_48,0.9654612558858479,0.7963635432439778,0.6258531947245894,0.6138032298995142,0.3766578199382252,0.8319083408713828,0.8404788703033563,0.8355113938678521,0.6952043760939743,0.6741486804084905,0.6409687171726162,0.6983682951125021,0.7780769215806214,0.8941893248056859,0.8172128689937117,0.7927350406176948,0.6153846123107661,0.47881355424985644,0.834340778944949,0.0,0.23061629760206168,0.7895481505834908,0.619402494193871,0.6879118710652977,0.04417670594022679,0.8132447886343396,0.8408830876357648,0.8532512675367577,0.7626331592971413,0.6398090115987178,0.5360495295864799,0.8138794558426576,0.8113158556674906,0.5416666615372475,0.8065109427933502,0.0,0.21957040310775175,0.0,0.0,0.0,0.15094339215786007,0.0,0.0,0.0,0.0,0.0,tensor(0.)
p_49,0.9750447434409156,0.8238268808635167,0.6836969893761874,0.9037648984978984,0.43941109355140323,0.7975988584355974,0.8276349824283662,0.8737323075483493,0.8627014998747066,0.8140529709528962,0.7841346134996765,0.818992986555153,0.8586879168084703,0.9056263502891222,0.8273447947829252,0.8278573411180642,0.7030201312792779,0.6125654396809299,0.8502982840694461,0.5094339142043477,0.4210526288430628,0.8220679552468091,0.6787121041940493,0.9057044501765108,0.5154845103348201,0.8197887473540124,0.8504208233938569,0.8990763297449559,0.8635545666734894,0.7660289306896604,0.7932804461192711,0.8452947452216231,0.8380651923289558,0.6456819964028895,0.8467235390955999,0.3103447740784872,0.46145666952973596,0.0,0.006703910539621111,0.0,0.6045751535200139,0.0,0.0,0.0,0.0,0.0,tensor(0.)
p_50,0.9721331137575933,0.8064180536221444,0.643653005319106,0.918805268548821,0.4879356546562303,0.8264206154777924,0.8037404062486476,0.8520348148364886,0.7989743579500329,0.8044899729680798,0.7444698684351134,0.8449473876415577,0.8437457268028083,0.8901883666442095,0.7953511866646275,0.7822603697217156,0.7018771851674286,0.5159867638810721,0.829213271144644,0.37333328355556217,0.4231646127534673,0.7936946225274801,0.6375277758583516,0.9159019863724032,0.552090713848013,0.8119925736894918,0.8457332753603648,0.8284320015227739,0.7836725605787204,0.7691105894776135,0.7535410747083544,0.7734350822177631,0.8251493873080036,0.6851210993642318,0.8295443255936222,0.13636360537190786,0.3926174483469213,0.0,0.0018461538404733727,0.0,0.5829307474568318,0.0,0.0,0.0,0.0,0.0,tensor(0.)
p_51,0.970051521060266,0.7904524579941975,0.6395968807306447,0.90214315801244,0.5724637655232618,0.8193754825059649,0.8326563388207143,0.8260706699799784,0.7942028975498389,0.7677221162952244,0.7317184626788884,0.8235742879580884,0.8395741541123822,0.9232033696472315,0.8315577302701241,0.7832167811102292,0.639534881397039,0.3835877825993532,0.8309886666363925,0.08163263640150277,0.445357434489082,0.7932262576966842,0.6368236667864234,0.9218817734099981,0.5948839940815943,0.810933417321504,0.8412315894674517,0.8647630614430358,0.8064596263273793,0.7175553310895935,0.7846844699014784,0.8373634937233195,0.8260528359245283,0.6234413913263392,0.842064639805051,0.3043477599244,0.5145888574665067,0.0,0.0029019152556531767,0.0,0.5781818076694217,0.0,0.0,0.0,0.0,0.0,tensor(0.)
p_52,0.961692141507419,0.8048909581464443,0.6303649161963853,0.8136090892291529,0.37083332947048614,0.810612991559771,0.8249083706027243,0.8496045070703194,0.786845958212161,0.7884648290360561,0.7673363560869814,0.730310259043865,0.7247942368189448,0.8929574225557942,0.8172972964940567,0.7948294807622951,0.6818388680844839,0.6444629421776608,0.8494809681232863,0.13953485127096482,0.2554112526470644,0.7978143357879383,0.6109011162561769,0.7854227399523158,0.6307277585530474,0.7935743838619751,0.8263857484319647,0.9009539379117176,0.7860434486029712,0.7767383052871991,0.7486943790501476,0.8362220772673815,0.8360576902979383,0.6440410367479003,0.8425379795866507,0.32258059313216236,0.3752012852238222,0.0,0.0,0.0,0.4909747203795177,0.0,0.0,0.0,0.0,0.0,tensor(0.)
p_53,0.9661012597162801,0.8236844860894089,0.6340262565747574,0.9014761411254802,0.5286738303882274,0.8076296313927204,0.8334473969395475,0.878521728710778,0.8476528976006216,0.8359880965902432,0.7822651431469159,0.8047761170006683,0.8376383752798651,0.8968425527309892,0.8357198134329337,0.8123038267033778,0.7446132082493352,0.6395705472425571,0.855708678602073,0.5535713791454125,0.42043984204113943,0.8137582578551352,0.6151085342390418,0.8923250986640298,0.5425631380489885,0.8260271709955372,0.8650777730650889,0.9005199301556789,0.8624519426928109,0.8003881090232089,0.77368420882964,0.8494080931913297,0.8134855877828016,0.7112970651774304,0.8414948445862529,0.31666664027777996,0.48510193159904896,0.0,0.010172939876165413,0.0,0.6372548915481228,0.0,0.0,0.0,0.0,0.0,tensor(0.)
p_54,0.9684983325082372,0.8085118745814192,0.6298110871766847,0.869683627220878,0.5090218375211601,0.8282203363429859,0.8326849395201382,0.8839404569260919,0.8488728070569541,0.8185027601896417,0.7980523978714297,0.7797029670804332,0.750391642949369,0.9061792538678457,0.8394970406439561,0.8191086489393864,0.7435781850221803,0.5936254920953636,0.8411805341613063,0.607594859798119,0.3244949474463703,0.8098446303765251,0.6368315646126658,0.8581091011821256,0.5092402411782316,0.8166169767630598,0.8351953681275498,0.8974754639235384,0.8396424804946866,0.8208487077298444,0.8076009483748631,0.8426789830552619,0.8142745485431765,0.7210083973024505,0.8526357818963302,0.46575336085570396,0.47535934047556805,0.0,0.004756242511816379,0.0,0.6245210608329299,0.0,0.0,0.0,0.0,0.0,tensor(0.)
p_55,0.9687717357281688,0.8083631636953489,0.6826675365124694,0.8003085735065525,0.1456310656046753,0.8078836050741682,0.8477525431948942,0.7819746373270042,0.7408400349186327,0.6680494333523037,0.6285924822612519,0.7299270044950941,0.8101859594401308,0.8984555240806114,0.8042886310378756,0.7761551334063799,0.7070976317657526,0.6026080946972677,0.7918833038764563,0.0,0.1037394438632154,0.8114666267122821,0.6778841732559754,0.8491715396161584,0.3097345087059807,0.816225165375224,0.8709304163086258,0.8796030544925801,0.8114354011241803,0.7371269123724301,0.7367187485610962,0.8241382327654256,0.7505995185836942,0.6011271095734058,0.8309705555141217,0.0,0.4064801158248399,0.0,0.004716981076450695,0.0,0.1565217345935729,0.0,0.0,0.0,0.0,0.0,tensor(0.)
p_56,0.9709929935016076,0.7658878784226327,0.6834095160836845,0.705367364330684,0.059084194105107915,0.7691841525214795,0.7873311523330433,0.8147771873402091,0.7224573368976692,0.6013667420699433,0.6560034108423899,0.6527922280513623,0.8076766015956491,0.875057068806109,0.7780208235383491,0.8090862664392897,0.6754924098305056,0.5748743660816646,0.8178857907887492,0.0,0.10829103031656463,0.7965874800648142,0.7001629492959072,0.680233021562339,0.3144016195293953,0.7422368086992585,0.7910712115765367,0.8556594944547897,0.7762326159592509,0.688387769289473,0.8008805267142676,0.778477293059282,0.7763620369587829,0.5738161519929238,0.8243265299393253,0.0,0.23043095663649116,0.0,0.0,0.0,0.408026749029653,0.0,0.0,0.0,0.0,0.0,tensor(0.)
p_57,0.9704154945963878,0.8167764832741802,0.6720632638692494,0.7781182755570722,0.30303030040666407,0.7145819175309563,0.8216188914921293,0.8414990855386202,0.8259172512256973,0.7622757886841363,0.5987476720278428,0.7868637084175247,0.8158914715505629,0.8983670258132693,0.8059556556028843,0.7745033818500254,0.6708126008672777,0.4589515285959295,0.8210078527315053,0.1971830708192858,0.20422534971566492,0.8174602084343677,0.6666878943920181,0.8765611630125915,0.48682170165254496,0.7211885801667919,0.8495026675862891,0.8869405643353346,0.8564066981900638,0.7910284457713126,0.7989994625710212,0.82750077359283,0.832436443064694,0.633211673054638,0.8314050898975465,0.1739130182734756,0.446242771987036,0.0,0.005319148865436851,0.0,0.4689165103211988,0.0,0.0,0.0,0.0,0.0,tensor(0.)
p_58,0.9710785964991258,0.8003103382470177,0.6799503191307185,0.8989599136049079,0.4196891155467261,0.7640605626546829,0.8169847510269832,0.8049460664009755,0.7784026987869486,0.5964191364872135,0.5008647518144851,0.7642186616117651,0.6207753463698426,0.8787463010796709,0.8112029377307595,0.7844504000416879,0.6794190553332657,0.20616570128934777,0.7321947047547441,0.037735841936633596,0.40394088421218666,0.8095989818396173,0.6740825852083699,0.8828326291914806,0.4897660782911836,0.7658207770091552,0.8103409850191641,0.8159922924341724,0.7697985230702189,0.5742727355037472,0.5543349661072589,0.8135302190817907,0.7968836928300398,0.577454541254876,0.726169405203397,0.13888886959876812,0.42039800820730505,0.0,0.0015392508939475347,0.0,0.4342105191741691,0.0,0.0,0.0,0.0,0.0,tensor(0.)
p_59,0.9612620924878099,0.8012604539701513,0.6117613707523297,0.863211678517076,0.4398034344004492,0.8250186531440505,0.8235390695064243,0.864873692908932,0.858626804080787,0.8069337753716693,0.7930198720479402,0.763695826804187,0.7928477959161627,0.9012608983430427,0.8311768959412309,0.8086008455221052,0.6904133654775138,0.5958646560539036,0.8489663085289373,0.5238094614512546,0.44488448551231363,0.7978722739556922,0.6130134056865366,0.8414881231014838,0.5168738852853119,0.827865811429364,0.8428053203848573,0.8894938023343602,0.8751414549539275,0.8224357626671864,0.8015105008224912,0.8421485048350124,0.8377916879971778,0.6617038820371888,0.8413073431371261,0.09756095181440198,0.5092333491369146,0.0,0.00529100522101845,0.0,0.5737704800456869,0.0,0.0,0.0,0.0,0.0,tensor(0.)
p_60,0.9731166695366982,0.8188515140096576,0.6872681201604817,0.8380194756832535,0.3808553932703117,0.82494941395112,0.8397554109871082,0.8669516058334705,0.7983843814670881,0.7470772264555596,0.6927774253679145,0.5955413981128376,0.7070289406171619,0.9055920589162998,0.7940610385903574,0.7390568301352919,0.5988083386355098,0.6556082096713411,0.8168620442381321,0.0,0.20172910469040245,0.8326070470716934,0.7009068229421577,0.8292531438179943,0.20285261168220903,0.8123334975795921,0.8541465619636432,0.8834890961497776,0.8025332217581673,0.7065208447442474,0.7191754167266133,0.8032277037881587,0.7441275152178534,0.6350649309411368,0.8212493237423757,0.0,0.28843537218751447,0.0,0.004073319714120981,0.0,0.40243901621058914,0.0,0.0,0.0,0.0,0.0,tensor(0.)
p_61,0.9686630867622897,0.7907696017099997,0.672690755191929,0.907199999845583,0.5658307165687249,0.7224053161374452,0.7660408558378565,0.8537640290973096,0.6524947674275859,0.5742064621349667,0.5652378700498699,0.8282633792293735,0.5051282029695375,0.863944108170566,0.8302197794595058,0.8088390010212592,0.623965837672896,0.1599999984,0.8149856963966174,0.0,0.3575105271057064,0.8002167913549126,0.6484083751424342,0.8735893786868488,0.5098039174035628,0.652467503052032,0.7416020477310252,0.8645232811172265,0.5551301679219658,0.6141017515156199,0.6078984474472877,0.835614003167217,0.8231458820343768,0.292640690107007,0.7992970765822262,0.0,0.49720853695498013,0.0,0.003794037930097458,0.0,0.5217391220331865,0.0,0.0,0.0,0.0,0.0,tensor(0.)
p_62,0.9662251182850008,0.7705110985808943,0.6030700589489818,0.9093300108644033,0.5327313729666563,0.7933335240132489,0.7615977124962364,0.8491661061462727,0.8094793359683874,0.7812002117355282,0.7460878325439478,0.7923668447953094,0.8328667860483011,0.8860285690768411,0.8276643982398841,0.7517549433575145,0.7274503395393997,0.507772014148031,0.8056817075991094,0.30303021120296625,0.4185418523017918,0.7794780307822538,0.6161986213040306,0.8944149578644784,0.642609294638381,0.7168560298957624,0.762522949650693,0.8621803146072202,0.795313880641784,0.7351196556196363,0.7372528596845659,0.8182375783906792,0.8091603031375127,0.6564299361187146,0.8442558223013662,0.0930232341806432,0.4037558668213578,0.0,0.005598320464672355,0.0,0.43458979080732174,0.0,0.0,0.0,0.0,0.0,tensor(0.)
p_63,0.9660483600282882,0.7786346416811946,0.5732704506972457,0.9144749147153887,0.6064256997669393,0.7698797579320137,0.80728208078828,0.8333772386503048,0.8126843645830615,0.7645338627154827,0.7468982607106133,0.8226870155969719,0.7556834510627813,0.902095958024852,0.8262910790363465,0.8063049384470902,0.6867642816917476,0.5354523161925145,0.8291567215302738,0.5934065281970848,0.49629129974278047,0.7957282427979175,0.6058919483022293,0.9029705354791278,0.601919815912367,0.7639373103633191,0.7996785689774717,0.866133607901642,0.7716267176400697,0.7738369406105056,0.7544046963310072,0.826113064402408,0.7793871844585315,0.6914995158405013,0.8503292747452312,0.0,0.5118279556133657,0.0,0.005025125596575844,0.0,0.48648647875220224,0.0,0.0,0.0,0.0,0.0,tensor(0.)
p_64,0.9770625736422532,0.8224236898951686,0.7067634928166634,0.867463355815654,0.50738006912011,0.8109794793709065,0.8200404613660393,0.8328331486164202,0.8523892909026904,0.8051277314349095,0.7754917459292523,0.8050473160724059,0.7222078908377407,0.8911251779308689,0.8193972826619299,0.7903705685951566,0.7180936966151305,0.6548358415719979,0.8398220236931572,0.5999999250000093,0.341463412184624,0.8284186170332245,0.7064764811838531,0.8410768799105873,0.4825253609636374,0.8037647056598575,0.8540088309914008,0.8853869791084733,0.8352549310334936,0.7653723242322337,0.7751322734234298,0.8437784743912338,0.8327590754498831,0.6991078613211041,0.8374905509849863,0.26470584342561126,0.43638850590705536,0.0,0.003842459136960047,0.0,0.5285412150414119,0.0,0.0,0.0,0.0,0.0,tensor(0.)
p_65,0.9728405540967464,0.8103085696654275,0.6884977220101636,0.8275786589178776,0.37894736479476204,0.8055798179094744,0.8527905193606937,0.8181414396594081,0.804191223570149,0.7222064252467004,0.74470899306722,0.777522932807634,0.7807821211602635,0.908140970693116,0.7679083088084373,0.7498858951394662,0.7181031211211775,0.5500878686284019,0.8236288339190156,0.18181814049587713,0.23116614828517906,0.7985978153768803,0.6643160726177197,0.8316475328379476,0.191194966148491,0.7813529260751575,0.8512714236437008,0.848892878092513,0.8324179167186404,0.7175614690877968,0.7474610680490611,0.7995594706882756,0.7953386725046403,0.6284470201128664,0.8247281438267591,0.0,0.3087452448004164,0.0,0.003992015928223394,0.0,0.4145785782556133,0.0,0.0,0.0,0.0,0.0,tensor(0.)
p_66,0.9628007017548029,0.7953655447493876,0.5930488851680784,0.8889456959102561,0.3492822924726999,0.8050796208123132,0.812084838950143,0.8703607797512165,0.8073217715285965,0.695559017631906,0.718912235552751,0.7885672378579434,0.8162667140203944,0.897955647800077,0.7950861971765395,0.8104113084498351,0.7258330560018704,0.4940617518519982,0.8321718923420713,0.0,0.3714788699693762,0.7927618339360921,0.6034067026213643,0.8987659710608402,0.5728346400311551,0.6391682288963216,0.8015657498843335,0.8646009384259149,0.8217112692276527,0.7481021385460063,0.7087772686230916,0.8177360895142443,0.8194748336447625,0.6724303489680082,0.8249594805257704,0.3214285140306225,0.42890173162484546,0.0,0.005952380893329555,0.0,0.4107579361672877,0.0,0.0,0.0,0.0,0.0,tensor(0.)
p_67,0.9766384264320567,0.8269044726037627,0.7224030218699771,0.8666326952023752,0.3873325165976551,0.801760938953639,0.8625689221068888,0.8626428082515296,0.8404858291088201,0.8035024458721758,0.7850858802155721,0.8104222796932545,0.74554590967212,0.904888360721044,0.8222851739166335,0.8091139220022432,0.7183958120383791,0.6740905666362987,0.8403507241597789,0.5393257820982267,0.3686920662338613,0.8283924644367858,0.7220715098338507,0.8875159000147574,0.46417111803025546,0.793554832391435,0.8684319697945624,0.8891893292656704,0.8604243713641967,0.7585711714606255,0.7587532007712358,0.8400976219469424,0.8421298438997435,0.6808846707671037,0.864492815224561,0.18867920968316798,0.38605028072951925,0.0,0.007299269984193796,0.0,0.6677852236948788,0.0,0.0,0.0,0.0,0.0,tensor(0.)
p_68,0.9678531626590121,0.8156291519359729,0.6364238993248406,0.8543612548285835,0.4298136592569732,0.7812061709123406,0.8334511157967195,0.8925846638714613,0.8523917985735857,0.8311177674301463,0.7819754192490319,0.7501022464208497,0.7402630881086842,0.8821334393283026,0.8378350822160483,0.8259297499330326,0.7166666638227512,0.6443381128840661,0.8606104511723481,0.2545454082644712,0.37025316162774397,0.8028905167171332,0.6219695087360473,0.8836395447207427,0.5600858309003667,0.703056768408456,0.8050638734975464,0.8812996963095363,0.8619026733210186,0.8211958054017231,0.779738710108323,0.8455268767266381,0.8248429848224169,0.7187993624107476,0.8482083444081282,0.15686271434064425,0.5218352652192634,0.0,0.007992007912167753,0.0,0.4927536129864677,0.0,0.0,0.0,0.0,0.0,tensor(0.)
p_69,0.9683801725721841,0.8144686264955499,0.6404588605164329,0.8115484375710227,0.5236656543437497,0.799498308015547,0.8214650070855292,0.8810609692264396,0.8355591517124523,0.8153701959644172,0.7625060690565661,0.8234531881326427,0.7710904034976318,0.9054862477373812,0.8404362972670232,0.8092939022049067,0.7639050923224228,0.5513413455010051,0.8523885193489871,0.399999920000016,0.3045774621075928,0.8184938624679294,0.6280150400988559,0.859674067122567,0.5617566279802687,0.8041646006709181,0.8156665722604256,0.8945698372181226,0.8597823324983772,0.7905060800406963,0.7349570183023949,0.8481886743352931,0.796909490074753,0.643717722515338,0.8515610028236343,0.0,0.4742974607656103,0.0,0.0014652014544673886,0.0,0.4681818075413226,0.0,0.0,0.0,0.0,0.0,tensor(0.)
p_70,0.9759452893316327,0.8200470863277264,0.6990154084235023,0.8762853976490308,0.3436341119451902,0.8252916854286443,0.8329421280481188,0.8402110137355366,0.8128633031943904,0.7362343090073353,0.6857582150956022,0.6541786712095164,0.5799352732040929,0.8712559453542782,0.7760523081568734,0.7371007350884501,0.5586319195495443,0.4601226958579548,0.7871942928097875,0.14035085257002586,0.4837499969765625,0.8280703370831902,0.706901301481259,0.769952027491304,0.14976598830318272,0.8108693387171536,0.8045617752498867,0.8777272949834104,0.7806691441278492,0.7494464309747518,0.7514340329800497,0.795159558119294,0.7626227992629134,0.5741687942828082,0.7817745796661746,0.0,0.36900958171717585,0.0,0.0011574074007094479,0.0,0.4115044156746811,0.0,0.0,0.0,0.0,0.0,tensor(0.)
p_71,0.9726238963071846,0.8050575185925579,0.6862158837632282,0.8381807136655035,0.05960264801982371,0.7022722760710775,0.7837445774226102,0.7519072046612058,0.8168332448008067,0.6105969872885166,0.37674037596900006,0.6666666638714186,0.6412289379553296,0.8526581561783536,0.7226101880679906,0.741453698169752,0.42699313100330505,0.4935483831165453,0.7343241572998644,0.0,0.30136986006487415,0.815655670907756,0.6908416368829888,0.7706805096655679,0.3367935370612049,0.6729349954816046,0.7659436149142276,0.8448750827183077,0.816783532213545,0.6522870949681229,0.6463255801928827,0.7758588665033809,0.8037958430269406,0.5710382474655857,0.7519346137275589,0.0,0.25764895122665904,0.0,0.0009389671317419383,0.0,0.43986253539755094,0.0,0.0,0.0,0.0,0.0,tensor(0.)
p_72,0.9654213070668823,0.7824298189531552,0.6263508384918964,0.9034349497926518,0.45973846896257076,0.7706978117556924,0.7729478075004285,0.8421115201271481,0.7353006922252395,0.7935177416470917,0.7242147908323916,0.7774140736959614,0.6822452404667665,0.8594504086051001,0.8072707824937443,0.768512338997624,0.6422939052752834,0.5275958790683267,0.808280027711194,0.1639343993550165,0.4141689359190431,0.7646681356458417,0.5940377151165661,0.8820275084992614,0.564705878444942,0.7528899767095312,0.7811248521398112,0.8756866486292771,0.7468557046114158,0.7343809156244028,0.7539266999917766,0.8133743943569077,0.8208430889319581,0.6022364169150446,0.7476979735288233,0.0,0.46171363375544083,0.0,0.0015948963285588192,0.0,0.5498154880107844,0.0,0.0,0.0,0.0,0.0,tensor(0.)
p_73,0.9633802137537264,0.8093913506129597,0.629088548762512,0.7760128746931545,0.4366312310986817,0.8100573213105634,0.8401324875415538,0.8535796280246402,0.8446776186046147,0.8160908652947555,0.7775387246610613,0.8040241416337056,0.7447499442633688,0.8989083839400724,0.8140005777514217,0.8111455089041546,0.7263681561925034,0.5833333283730159,0.849961527870427,0.5476189824263116,0.21093000756538824,0.7921850414706073,0.6115909923558975,0.771572776968762,0.556683582430765,0.8050739280914068,0.8487294353358096,0.8912691358528297,0.8183933203525479,0.8146985497048301,0.8128078799534083,0.8341771020213367,0.814674554284794,0.6901763166232048,0.8441139573157911,0.3157894182825582,0.3104056410017139,0.0,0.0044593087574213075,0.0,0.5908256772325564,0.0,0.0,0.0,0.0,0.0,tensor(0.)
p_74,0.9675256245818844,0.7828517342987056,0.583282531534182,0.9159730477937569,0.5843558259802307,0.8360087020532695,0.8472896886145335,0.8676422758584441,0.837572558482773,0.8301048508707083,0.790909089016964,0.8413452387586069,0.8343477531923873,0.896425860847742,0.7833314085382299,0.8011869409786121,0.705259172511316,0.6356589085691966,0.8414684158721613,0.19512190362880397,0.4434857616760752,0.7756963481112681,0.5957916798362232,0.9151789709536449,0.5992837222471797,0.8392646013125843,0.8650470875366468,0.8875169600491744,0.8183160995797467,0.8310089440886709,0.7971837365496622,0.7703989111849514,0.8063264673043077,0.6515301021566624,0.8326506136150958,0.48780475907200993,0.43622200442641346,0.0,0.0029542097426583465,0.0,0.6355140068128223,0.0,0.0,0.0,0.0,0.0,tensor(0.)
p_75,0.9724618743447169,0.8248650898473691,0.6714841985664667,0.834941299061408,0.3788546213782531,0.8221479158468318,0.831004081072245,0.8848730327232316,0.8464008551693861,0.8230038014990458,0.7926156777928179,0.7962403464375953,0.7505697625966833,0.9183219262507201,0.8225074029392819,0.8249925945365928,0.7725816759366377,0.6428571368152525,0.8431390708393042,0.11428568163266238,0.2836587843406086,0.8158724387469908,0.6623240228560874,0.8500877559462037,0.5801772717149293,0.8217616578181964,0.843192582204977,0.8989216856012844,0.8442870249976557,0.7597187750623255,0.7941391921999043,0.8339570964546261,0.8058510616865663,0.7047279152120615,0.8552085206217652,0.13793098692034933,0.3560476971375835,0.0,0.008968609731410917,0.0,0.6470588123346227,0.0,0.0,0.0,0.0,0.0,tensor(0.)
p_76,0.9693390864244275,0.80300951932074,0.6530823989639617,0.8344270858734961,0.25511810621861253,0.7815856775389458,0.8523385900490404,0.8240115713452196,0.8145746474994988,0.6703274347464638,0.6300220736644104,0.8182055955579242,0.7588408625765204,0.906529441385772,0.8328439801226648,0.7654623369091783,0.7056313963070332,0.6200466128199695,0.8402815368703469,0.32727266776860586,0.33887042907914927,0.795117243441695,0.6306864730477335,0.8873211204203627,0.47534516296503787,0.7477981962962909,0.838332143349303,0.8792982001157084,0.8062533393823446,0.7411264604238826,0.7294617546518845,0.8225055648426376,0.8147021525609578,0.6492146540208146,0.8509182563459504,0.17391300567108572,0.4416901383566753,0.0,0.0,0.0,0.2968749942016603,0.0,0.0,0.0,0.0,0.0,tensor(0.)
p_77,0.973530540500218,0.812348135820568,0.6901267401347126,0.8100946367128741,0.36609336159590466,0.7886381787168933,0.7419375880119281,0.8379893759403948,0.787894463543851,0.6863091358989598,0.6753849384615378,0.745002434202816,0.7680569665105367,0.8941594175582888,0.8150134040453721,0.7715472461797839,0.6685768831491075,0.6429112915624617,0.8388472025589638,0.0,0.13278008115103623,0.8099091967564831,0.6791753379844714,0.7952347576767801,0.3964646414587798,0.7302725966746256,0.7313013474154381,0.8812232152366418,0.7813919224482732,0.7434658067101094,0.7747711072741178,0.7988732386865041,0.7827788630558247,0.633802811942075,0.8292013531889111,0.0,0.19485293938554285,0.0,0.00448430488246295,0.0,0.0,0.0,0.0,0.0,0.0,0.0,tensor(0.)
p_78,0.9739037948598858,0.8160494919204047,0.6802422087942875,0.8508719177937102,0.3545878638477782,0.7886543422334585,0.81233374705826,0.8368706249509649,0.8073187884485309,0.7775521499191876,0.7885223660449111,0.7716799297374112,0.6721054261935819,0.8771384135290505,0.8051405278391595,0.7743687190486865,0.6782156748453196,0.6125954140019522,0.7879616955878143,0.2950819188390297,0.31397458880240847,0.815763420455056,0.682061140671387,0.8604212507280619,0.21630615280688598,0.7509042177536612,0.835579207119581,0.8719056510556366,0.79177789536602,0.7487963742577208,0.7388987552024892,0.8255675021649069,0.8066406230306626,0.6550471993097516,0.8021529316980763,0.15999996800000638,0.37102234007432405,0.0,0.008486562821972238,0.0,0.39130433719281693,0.0,0.0,0.0,0.0,0.0,tensor(0.)
p_79,0.9727524303307704,0.816297072596198,0.6762014463916336,0.8691369178178324,0.35324674865913314,0.7946905703629573,0.8276268655229619,0.863561643362432,0.849852332132484,0.7982674400532048,0.7732615064317788,0.7793512984040598,0.7228333761126016,0.898656063742753,0.819773885147668,0.787234040405799,0.7334344930023546,0.659486324279318,0.85738364935164,0.4675324068139731,0.2895148647142812,0.813859174128641,0.6723252778923666,0.8677310829990222,0.5599999942564103,0.8216240616157033,0.8248389570515999,0.9006332752443101,0.8657445067235331,0.7858668212134859,0.7509652491530762,0.821635825225407,0.811641064910695,0.7196787090788859,0.853932583449599,0.1621621183345626,0.4678362542700698,0.0,0.00662983418088581,0.0,0.6704331323835568,0.0,0.0,0.0,0.0,0.0,tensor(0.)
p_80,0.968435548028366,0.7911109548818378,0.6441889119336364,0.9074669318994546,0.5917854099598876,0.8062654111168276,0.8172583529738436,0.8653281666870212,0.8432188270019984,0.8360064869021387,0.7874757528748247,0.8166278134552143,0.8013296816555932,0.8845240750594476,0.8246413868290433,0.7935871716981056,0.6903283021724564,0.5866408462087043,0.835407422534999,0.5399999460000053,0.47762928252394377,0.7728423964219152,0.6284779580771007,0.8847219842994963,0.37469585918861487,0.814776954080479,0.8392140496721118,0.8637159284422882,0.8311300630798187,0.8520883665411734,0.7870933594628581,0.8399106469099983,0.792626725827688,0.6842105201069826,0.8515297897460765,0.1777777382716137,0.44666001771355923,0.0,0.002786809090632563,0.0,0.6276346457228421,0.0,0.0,0.0,0.0,0.0,tensor(0.)
p_81,0.959034098142522,0.7777851246263225,0.5828225084288573,0.8959949108467704,0.6035205314038514,0.7544186310824089,0.7427078929326418,0.8840257314471077,0.8338176271844229,0.8026569522148522,0.7479713585967271,0.8224351724283112,0.8004057803692473,0.909411879938963,0.8385546791864745,0.7794419947740323,0.7423715691681283,0.5825242655606876,0.831070069861425,0.0,0.3817314220740871,0.7545952454489955,0.5589040377398561,0.8984138576389402,0.5771428516462586,0.7997244797355766,0.8262346103610635,0.8707723366539801,0.7318092134944769,0.7598400328774574,0.7091237563027919,0.8376224921351566,0.7883396684706219,0.645161285482661,0.8146613825516378,0.0,0.3480662967400262,0.0,0.009132420007923105,0.0,0.43055554808063284,0.0,0.0,0.0,0.0,0.0,tensor(0.)
p_82,0.9720733273816796,0.7694932315743038,0.6294344813560989,0.9042155239004,0.6814016135773499,0.7994732752137377,0.8148999094978042,0.864324478226607,0.792030180627175,0.7863788961281737,0.7478432320733467,0.8362177054521752,0.8103816781520891,0.8826200724432143,0.8063053772859001,0.7498252943751736,0.7543035964229123,0.6361974347696762,0.842748879742724,0.36111106095679707,0.46376811345266716,0.7783572336068978,0.6215133089974854,0.911244716766624,0.6972860088868162,0.7364521407379304,0.7968318348851994,0.8889845618494467,0.7543540968539865,0.7963391322575288,0.7439565842526971,0.8333171150789948,0.780568587412176,0.6673866018640756,0.8377066850847352,0.15999996800000638,0.4786245330918934,0.0,0.002999999995,0.0,0.6467065771451111,0.0,0.0,0.0,0.0,0.0,tensor(0.)
p_83,0.9694552174894706,0.7912346393094889,0.6418287158869086,0.8873580108118679,0.3230769189349113,0.7871894197273089,0.7886718049306147,0.8528238999864168,0.8258109190513553,0.7308828014144356,0.633542975611021,0.8295920342971072,0.7764227627930105,0.8658761244002295,0.7840833509376155,0.7900723861079889,0.7218565960448333,0.41794568573853974,0.7842915125230893,0.1428571088435455,0.3024574640599484,0.7995972126472717,0.6414637384412041,0.8691868964356585,0.22721267863655642,0.7254912205462241,0.7803595866287946,0.8664688421829226,0.7993193653096679,0.634613243589746,0.6337115060094985,0.7907312041290101,0.8185653985413068,0.5653382709421847,0.7597344686815274,0.0,0.35678391735688497,0.0,0.005401234547063138,0.0,0.40307100953798447,0.0,0.0,0.0,0.0,0.0,tensor(0.)
p_84,0.9657950985566833,0.7896497873558583,0.6327894143710273,0.8209465325720058,0.4310344781138526,0.8176846322344414,0.8457303407802971,0.7877148149768451,0.742871689482088,0.734774066110231,0.6974595826848509,0.7722692431589309,0.6133896242057008,0.8829179127811702,0.8096885805576652,0.8011407809148541,0.7294407864743389,0.6120689602407848,0.8124056992352006,0.2891565916678805,0.172579097098954,0.787852673254846,0.6281493692733503,0.8371595763914249,0.6036536886127586,0.7042813589218659,0.8257416048803485,0.835102469345716,0.795224148687515,0.752448312701806,0.7279514682035664,0.8250625694096293,0.7878211208662677,0.6342182844084198,0.8261471854319072,0.18749997070312957,0.3723723701359017,0.0,0.0,0.0,0.19047618570235125,0.0,0.0,0.0,0.0,0.0,tensor(0.)
p_85,0.9703884045539363,0.7975278690705581,0.6646043914080341,0.8564779292986348,0.3130990381991583,0.6993760916647426,0.7710478942449058,0.8765165159900802,0.8181429173960816,0.6988985274403953,0.6277585252092677,0.7397181457011269,0.5503018094811323,0.8658596742560885,0.7746065610610772,0.7451212278381986,0.5777038250325995,0.3848648607041637,0.7970292538746225,0.0,0.42602040544629843,0.7849399218402676,0.6552647620383707,0.8456940191500459,0.499330652614922,0.7830494906881031,0.7989439558429301,0.8646138802146788,0.8057639155095105,0.576422682911488,0.6084314458632142,0.8141520936851142,0.7992607974145051,0.6672710728261916,0.7682119198938643,0.0,0.43296327739981516,0.0,0.002509410282285043,0.0,0.5399999922857144,0.0,0.0,0.0,0.0,0.0,tensor(0.)
p_86,0.9786055156143885,0.8210456009092985,0.7154195929503492,0.8729470708740816,0.36847103163845174,0.7925672903968937,0.8429395513960198,0.8858323422845801,0.8630952370249315,0.8269570327379272,0.7919979461605592,0.7645407109324479,0.626539751885387,0.896936999495834,0.7817444211138495,0.7785119196250735,0.727812845422158,0.6046901121885251,0.8320632769055047,0.6590908716425641,0.3284132811031985,0.8153846648503796,0.7130621687100444,0.8812243029993817,0.523489928494212,0.8200960067586471,0.8547315470810961,0.9029526202203293,0.8409223916177896,0.7932497771703841,0.7870837517984769,0.8229030629604188,0.7967134884794235,0.6702290025173359,0.8581838557005009,0.4225351517556124,0.4200244174601684,0.0,0.001156737992153048,0.0,0.6156583520345489,0.0,0.0,0.0,0.0,0.0,tensor(0.)
p_87,0.9716658705873344,0.8222752266128848,0.6757727675510224,0.8031830961081271,0.489181557016166,0.8138817332878869,0.8509996423490135,0.885137234135092,0.8192225426855925,0.7804391211074192,0.7606284640466071,0.6928171131287972,0.7621846662694473,0.9109763175563076,0.8244935535686063,0.8233333310462962,0.6957383513590766,0.6394557774795482,0.8555041620208103,0.31746026706979885,0.3255240403757825,0.8235279441767446,0.6817640327699839,0.8350509096975928,0.483622346015199,0.8193196133783228,0.8547451774455932,0.9003034983105404,0.8444444433782268,0.7917236655337521,0.7892588597438048,0.831115275697174,0.8202813888497972,0.6782357145463795,0.828809406341196,0.35294110726644956,0.458703068541276,0.0,0.0,0.0,0.5033707752051512,0.0,0.0,0.0,0.0,0.0,tensor(0.)
p_88,0.969358500801838,0.7875991034954065,0.6205029002005374,0.8277801812917676,0.5245901585595271,0.7951715510860824,0.835165897668649,0.8263674305706253,0.803647103115902,0.7748997319728445,0.7994467478113261,0.8116298083061841,0.8083610064302383,0.8946233491535609,0.8251762745487596,0.8201400085618201,0.7293540444425427,0.5998209436005287,0.8295921033892986,0.19672127922601979,0.34493425873987427,0.798603693517007,0.6381412164677138,0.8031680077881278,0.47863247408706106,0.809787812910189,0.8495423111717672,0.8607807802637953,0.7685348623471593,0.7890043354421956,0.7434298424422499,0.8298624746268541,0.7735431502986398,0.6368352747286947,0.840897050290573,0.09756095181440198,0.4116394576888612,0.0,0.0,0.0,0.48484847566574857,0.0,0.0,0.0,0.0,0.0,tensor(0.)
p_89,0.9692683105430909,0.7974188128106787,0.6598391638181631,0.7965290906683007,0.28396572479846116,0.754170032610804,0.8043162326022569,0.8237621581448799,0.7886110769367017,0.6910214072946838,0.6319490208043309,0.6187473702448618,0.7180291137334175,0.8716803175302746,0.7819339427159432,0.8257527199687612,0.5619665395631049,0.6580882292455126,0.783211870416005,0.0,0.11886304755990895,0.7952498329347575,0.6470827175445006,0.7849570620166082,0.18503401108797266,0.7960445586709225,0.821143851970707,0.871100445165638,0.8020418316707647,0.6579887102200338,0.6379663783559525,0.7933178646929765,0.7974613664529211,0.6560402629526824,0.7690520854381738,0.0,0.30807660026580685,0.0,0.0,0.0,0.38012958142268727,0.0,0.0,0.0,0.0,0.0,tensor(0.)
p_90,0.9687315918560687,0.7941191108554426,0.6568507835641626,0.6019254913336748,0.1949265661558536,0.7725375987193476,0.8419949615144641,0.8375377368686805,0.712159173600355,0.6944471737646711,0.6620842557381724,0.5868661654743716,0.7274787521671789,0.8627712630543658,0.7775621469572478,0.8066268310520727,0.5199724500000948,0.5804749289316189,0.8131255120482974,0.0,0.17717205831052713,0.7943280973110445,0.6682136159757464,0.6276396679785801,0.30290010415789365,0.8088172952927475,0.8446580653608226,0.8585396955794773,0.7493929702883158,0.6645669285182335,0.6976551137214047,0.7907757547351336,0.7999999979434447,0.6879150020722775,0.7701395421880494,0.0,0.24134520038234225,0.0,0.0,0.0,0.4725050820263731,0.0,0.0,0.0,0.0,0.0,tensor(0.)
p_91,0.9682916560131968,0.7986402093937409,0.6862930083641714,0.8166792591534382,0.3820224680079421,0.8436828811528043,0.8600452982631549,0.8106139434570699,0.6876029420362326,0.7057936023643682,0.7042538813230016,0.7749766549175952,0.8185015813955302,0.9202140845371638,0.7990550935006819,0.7906867337942457,0.6880596989251503,0.5987841899788435,0.8030484787220038,0.14545451900826925,0.2834116837917281,0.8047874223687611,0.678486001089639,0.8452894711972602,0.35945663156262664,0.7810430837231194,0.8503402642404949,0.8728666276579178,0.7589995088190294,0.7110677395209664,0.7389749689443641,0.8098879067553353,0.7886710222469041,0.5919778658922693,0.8090545552634572,0.2399999520000096,0.37094430813102025,0.0,0.0,0.0,0.0725806436979709,0.0,0.0,0.0,0.0,0.0,tensor(0.)
p_92,0.9754013620742161,0.8136732996963617,0.68657768614098,0.9031388992494245,0.5282093170220007,0.8073054524067481,0.8201316237434036,0.8738659958061723,0.8370779898399271,0.8054211028021093,0.7982576781332928,0.8250577343387479,0.7393247250761551,0.9062753279231793,0.8364534037888774,0.7837837813765854,0.72154245190381,0.5095137366859013,0.8243555383679613,0.49999994047619756,0.4439359242337762,0.8215424065427567,0.7007855380784085,0.8736997326237695,0.6776577562384437,0.8383573979458027,0.861269081054851,0.8800269219361563,0.8523399389308499,0.8300891387756147,0.7823315100584438,0.831177970589269,0.7997867214081932,0.683015434305037,0.8307607993143111,0.029850741813322115,0.5207478316427367,0.0,0.0016611295612079335,0.0,0.6511627806021275,0.0,0.0,0.0,0.0,0.0,tensor(0.)
p_93,0.9653245290096548,0.8059528300861736,0.6158168468933297,0.8729672919823861,0.4175824129935999,0.8247393308572903,0.8174615389654228,0.8513192036919771,0.8458302389930337,0.8233924406023712,0.7759016035524253,0.7587025286443728,0.8178360084153931,0.8943306508971597,0.8363834413547021,0.8317293647368639,0.6891651840526991,0.5962113599580123,0.8350149469030129,0.26229503896802636,0.4531516158253741,0.8094188007850113,0.6228238137616428,0.8316874893165543,0.5346756092318165,0.8263062448072349,0.8101157937452158,0.8889977674946934,0.8152916437003526,0.8001860457672688,0.7497001184532185,0.8362226759597042,0.8418994389891077,0.7193460425127517,0.8354823952121789,0.3888887808642275,0.5056513949693552,0.0,0.005681818128013086,0.0,0.5115303875989436,0.0,0.0,0.0,0.0,0.0,tensor(0.)
p_94,0.969586578824751,0.7907490091670761,0.633877958813837,0.9031191899834392,0.35488307627396043,0.738394924796497,0.7769203280864827,0.8382690604425852,0.817547624339217,0.785104135919854,0.783468557851246,0.8034662017210876,0.7101038699006047,0.900439382716206,0.8211640202950645,0.8249240096506868,0.7560640697662971,0.6184448407012221,0.8453567149807127,0.2857142346938866,0.36465953649600713,0.792932783923561,0.6319005552307145,0.8908602695724618,0.5812115840104338,0.797468033726429,0.8092875875184169,0.8791887119682611,0.7917505020224466,0.7315701783303101,0.7647204949944832,0.8323886631251127,0.7779503085456773,0.6743978530383777,0.8419431027606623,0.29629625971651113,0.427480913855059,0.0,0.001434720219263126,0.0,0.36936936105023965,0.0,0.0,0.0,0.0,0.0,tensor(0.)
p_95,0.9678942101731459,0.7875000201527168,0.6386636145541931,0.6905344298491332,0.451416999479585,0.8227485763823885,0.854697019563867,0.8132012530005048,0.7757035375094685,0.7167345181950563,0.713091920477626,0.754400667416594,0.7978723384964402,0.8985596429109902,0.7822558824431919,0.746124029200281,0.6802480040733038,0.611872140530848,0.8089126552505235,0.2089551926932548,0.1798657693977749,0.7871605705794722,0.6489149757988202,0.7235168406191953,0.4725581351389941,0.7882869516441324,0.8198345923296815,0.8644980607149407,0.7393414656443114,0.7343092031939952,0.7638921435782131,0.83715429327042,0.8168210957072438,0.6928571366709184,0.8500722535674926,0.526315697137597,0.23936696103494598,0.0,0.0022573363176372875,0.0,0.3418013777874971,0.0,0.0,0.0,0.0,0.0,tensor(0.)
p_96,0.9707872845591193,0.8019537959277431,0.6911323663553659,0.8300604225129152,0.5253940409335023,0.7585613249677644,0.7778527844082179,0.81628339917663,0.8104080416198605,0.6685108338695152,0.5990539250727457,0.780847142611981,0.7906408936100898,0.8597764600184392,0.8097909223102236,0.7899388153411765,0.7046196887325259,0.5339534834050839,0.823909263329821,0.07999998400000319,0.26138613602587984,0.7938320568809785,0.6750686239318525,0.8201853238040413,0.26946107381046297,0.6957437943947112,0.8134551318800266,0.8541581732296382,0.7999999990815155,0.6548402473487456,0.6380970348535077,0.8377377973334443,0.7772697566355983,0.6541764195614643,0.8145093411761409,0.0,0.32400338995756245,0.0,0.002169197373436037,0.0,0.18229166191948798,0.0,0.0,0.0,0.0,0.0,tensor(0.)
p_97,0.9760176608636496,0.8245096794688856,0.7054148226428478,0.863782851044536,0.3945312461471558,0.7595667206907809,0.8354995136577844,0.7930198735855454,0.8325382866777075,0.6741898141645546,0.39820166902547277,0.8423743230832879,0.8351648337528913,0.901219914127725,0.824109696336086,0.8236254740783193,0.7173657361138152,0.5283993069845154,0.8446916237696591,0.19354835587929742,0.22750424255089777,0.827655907592778,0.7009089724130325,0.8431264867636058,0.6017229913736051,0.8263834542128609,0.8691870829172066,0.8927631913690808,0.8459810274014216,0.7628420955168419,0.7668527248457434,0.8068813402674183,0.8222377929870643,0.6316851601242668,0.8537067254929073,0.35087713142506466,0.38054968019344837,0.0,0.016949152302978075,0.0,0.574789906306052,0.0,0.0,0.0,0.0,0.0,tensor(0.)
p_98,0.9742200346561448,0.8063511048714325,0.6897094621835976,0.8213505114337107,0.4115334153141099,0.8299278006216575,0.8678860870743654,0.8763258982418864,0.8527363173473429,0.8016423350349979,0.7821339930964417,0.8143074550444921,0.7295625260062694,0.9021400671534512,0.8196831055348325,0.7906834177423125,0.685531229655466,0.6638441942096174,0.8614864856780344,0.4999999218750122,0.3646112567952524,0.8000741074751889,0.6762243481576771,0.8043493505406178,0.44968943540758466,0.8382976315948969,0.8853202763714203,0.8920328512127373,0.8216796614832166,0.7771260989945692,0.7991255749353278,0.8339338346610614,0.8190376547619308,0.6842619678957774,0.8483877042726875,0.2857142274052597,0.4386677462334058,0.0,0.0019175455233217112,0.0,0.5265225829759808,0.0,0.0,0.0,0.0,0.0,tensor(0.)
p_99,0.9747134656928499,0.8313489346528654,0.6859721954370458,0.6203348793420064,0.4307692252465484,0.8161024250114237,0.8482147979035134,0.8585933857202639,0.7978607282276133,0.8167024863242996,0.7753796946934859,0.6370614000161108,0.7509112982966919,0.898688649675554,0.8333488234656113,0.8254509975001195,0.6698039189419454,0.6653465302617391,0.8573106275838347,0.41379305588585563,0.1450252926639917,0.827284511702439,0.6862526242129455,0.7098525982255115,0.4360902208798043,0.8456523404377949,0.8715698407986368,0.8920303413988621,0.8269490285197248,0.8171650301931332,0.7966201595664765,0.826974267234273,0.8238583391801997,0.6862091892990727,0.8475313800439068,0.1791044508799327,0.26086956263962885,0.0,0.0,0.0,0.5477477378784191,0.0,0.0,0.0,0.0,0.0,tensor(0.)
p_100,0.9767086540871468,0.8247007776503578,0.7056241474234104,0.7723921184743188,0.575230290939301,0.8079094220160932,0.8422118144098647,0.8594329460106275,0.7808609557809195,0.7733932401119425,0.783906880607523,0.790057697336628,0.7871763235827957,0.8864533638578603,0.820428335178003,0.7895282509343488,0.726999996365,0.5278080640369895,0.8272782617949277,0.24561399199754524,0.41802641477834956,0.8181440252583095,0.681656655102105,0.8322290843165474,0.5970425083452633,0.8210589971707234,0.871271078892054,0.8838502404029098,0.8187711375158242,0.7834192772873668,0.7785748427102467,0.8182723141043333,0.8282929246980931,0.6918819124365138,0.8447580636645584,0.0,0.49815497848613177,0.0,0.0032626427140078082,0.0,0.3727034022912493,0.0,0.0,0.0,0.0,0.0,tensor(0.)
p_101,0.9708239231926834,0.8009733074405206,0.6356512704278605,0.8927204199505235,0.4812442773902628,0.7742098097559585,0.8292982065382101,0.8795538577441027,0.8524076721226573,0.7814612859526049,0.7875324654869286,0.8288397430207823,0.7333784071819284,0.9030701529294611,0.8052917222916195,0.7516453039430366,0.7321428543006876,0.43063262563115845,0.8364174677679336,0.0,0.4248567632223148,0.8082439593767495,0.6463546840966828,0.9068877889776947,0.5192850374479301,0.8089059744757044,0.8697123310733007,0.8808777424156754,0.8486106297145041,0.8053605607260577,0.8004878029256396,0.8381581495646414,0.8258349411376347,0.6940486111144291,0.8494890906292101,0.3461537795858116,0.5576347284519658,0.0,0.004761904724111868,0.0,0.6761006183003048,0.0,0.0,0.0,0.0,0.0,tensor(0.)
p_102,0.9640591165996231,0.7761283753830843,0.5944829696020225,0.9039801997919031,0.6274703526310753,0.8006426412562968,0.8383762009126455,0.8379695301067233,0.8081541457579529,0.816347971405392,0.717067581404198,0.8626436756820584,0.7438833921294029,0.8975056687776896,0.8157279481235622,0.7772461436011532,0.7563764258734545,0.5548853974078963,0.8361917114710377,0.4999999218750122,0.3626168201706117,0.7631013562151695,0.5942142929654034,0.8990864796287799,0.4620630821648501,0.7903281517761849,0.8490585868749391,0.8594533595414661,0.8026132877361506,0.7541800062205858,0.7441860446506975,0.8315288871481039,0.8142821700612889,0.6094137026472857,0.8473862484231565,0.6262625630037815,0.4102321155365603,0.0,0.010615711139960604,0.0,0.5720429984506883,0.0,0.0,0.0,0.0,0.0,tensor(0.)
p_103,0.9710496823193075,0.8209272050476939,0.654078003220655,0.8162294076777123,0.29611041033738505,0.7790751336581421,0.7971012466597878,0.8784481806360874,0.8384788646634704,0.6323946729618045,0.33080168706581925,0.7515789434127425,0.7182069989468471,0.8811309244589123,0.7812471545004578,0.7364848466994307,0.7058823492666197,0.6804835865243214,0.8468732799863623,0.0,0.1735537166177174,0.8238805878680928,0.6627231974301131,0.8574273659457431,0.4720638486651785,0.6795107970833305,0.8009874516333333,0.88638595224029,0.854361843467135,0.7924936838754117,0.7571650727456898,0.8328813234519019,0.8290640373668373,0.7032617286932241,0.8473887806118097,0.3030302571166277,0.33163636122446283,0.0,0.006349206248425298,0.0,0.5862785740898425,0.0,0.0,0.0,0.0,0.0,tensor(0.)
p_104,0.976338907911746,0.826544021011754,0.701624725307606,0.8178335529604799,0.2941176427335641,0.8171562364790452,0.8472027745454858,0.8889884057874368,0.8514955021423389,0.804503215864454,0.7927176995114769,0.6977667459167903,0.7799586756715943,0.8924345312036595,0.8281031372895231,0.8244236107817998,0.681291387908562,0.6329330992029751,0.8467646245808482,0.04761903628118183,0.24508670236893987,0.8273972855167696,0.6872925517306872,0.7703716040906753,0.39592430282497376,0.8259422601190664,0.8563215166552389,0.9081534646372373,0.8300765617300006,0.8154631648290818,0.7744442029474549,0.8167021887069346,0.8298653590456172,0.6824512487294482,0.8485479133019129,0.055555540123461075,0.2773851565602018,0.0,0.0058997049277329655,0.0,0.3474178322202387,0.0,0.0,0.0,0.0,0.0,tensor(0.)
p_105,0.9727855562846739,0.8191011735634914,0.6673483182504749,0.7538802655530209,0.527410202954535,0.8254431697227935,0.8367904246743497,0.8523441520595857,0.8177670413073443,0.8218493387880673,0.7664101386002488,0.6935146407242958,0.7730607946198617,0.9109257464603177,0.8171580663215008,0.8385542146223448,0.7233888460413148,0.6068965464922712,0.858386534282853,0.4637680487292683,0.30733410585175663,0.8223748035162197,0.683358334648814,0.7858636849723306,0.6468749949462891,0.8070144722201754,0.8546546545976207,0.9026301058183379,0.8088766976575531,0.7902662986315278,0.7654526518929186,0.8376001555231579,0.8351209757168346,0.6414182059515052,0.848274531667366,0.3076922485207214,0.3694779086788923,0.0,0.0,0.0,0.6447638471301058,0.0,0.0,0.0,0.0,0.0,tensor(0.)
p_106,0.9671574042275873,0.7611562091750054,0.6184526430139187,0.8791160217756478,0.3276983052314915,0.7953943078871617,0.8321130125296595,0.8204602527699963,0.8267469566845478,0.7409366383019982,0.7120980073708575,0.8277992256684704,0.7417399789995309,0.880552637513032,0.7992990405120101,0.7649909122804636,0.7070580864863895,0.5909090834481177,0.8291413696191315,0.3137254286812885,0.3161711362134073,0.7656524774301102,0.6151246517474046,0.8780975660710088,0.3937676998049901,0.7487943682150265,0.8488950775944043,0.8173254142856208,0.7918806544486664,0.6841642865317765,0.6685393242777637,0.8128850926247053,0.7463942285264596,0.6288659739788147,0.8334259766227293,0.0,0.38772213038383346,0.0,0.00956937787596438,0.0,0.49166665642361135,0.0,0.0,0.0,0.0,0.0,tensor(0.)
p_107,0.9734576532283308,0.8134368879979939,0.6889291504204492,0.8884053462893637,0.3299232694383214,0.8159206845502721,0.8608906263830715,0.8767632581318955,0.8435773876559204,0.8090826513995616,0.7794422660072776,0.7753651765678437,0.7546296276887098,0.913080168605142,0.8247400100440723,0.8059339969544838,0.676441834425993,0.5451230579295984,0.8477803378617293,0.5294117128027732,0.4099883832172568,0.8031612369395286,0.6752239091815415,0.8717924524189659,0.5338567170377162,0.8129066135271736,0.8683274968464425,0.865121619759306,0.8627959005266802,0.7906218875797756,0.7609396573907424,0.8310344818631095,0.838968478971437,0.6648841295464872,0.8447594928154335,0.4533332728888969,0.4035502934701166,0.0,0.0,0.0,0.631163695637797,0.0,0.0,0.0,0.0,0.0,tensor(0.)
p_108,0.9674037282166533,0.8021741495722058,0.6498511868522935,0.8384489217206836,0.4101433251362368,0.8092090030072774,0.8456747676217821,0.8775229837908047,0.8325394825363005,0.7910091735862301,0.7704955451689985,0.7387627915497872,0.8083748737619644,0.9036889661106376,0.811438440829634,0.7988276024544961,0.7321309260783869,0.6636568798821906,0.8521722589103791,0.5562913538879898,0.23115577657129874,0.7899066396685072,0.6278398835510156,0.8455605833096052,0.48992576362751045,0.8449089680700974,0.865685991676077,0.8989968680542451,0.8512647545235922,0.7962893545761907,0.7118874756989849,0.8159649275587132,0.8278080137857298,0.7084300022549884,0.8374430948051564,0.2448979092045083,0.369873226175442,0.0,0.005780346737278227,0.0,0.6247689348471547,0.0,0.0,0.0,0.0,0.0,tensor(0.)
p_109,0.9713101764377968,0.8171686270070526,0.6660423778498636,0.7908878499539929,0.44954127924837983,0.8219742486918528,0.844933358788028,0.8885464247407417,0.8372384402490435,0.7929515411069908,0.7043235687951568,0.8411531915173737,0.8568243734743319,0.8884558105406306,0.8424771804470732,0.8285099238734516,0.7186991840703285,0.6179577410391044,0.8481549807673847,0.7115383931213083,0.37723919518188415,0.8253044584081002,0.6780424501339973,0.8423228468171805,0.5071283044080621,0.8379924317743708,0.8681350225819665,0.8818545534938488,0.8396158453305933,0.8127759503872467,0.7204325282261038,0.838255716287144,0.8311922451404277,0.6895011117684207,0.8366805600258805,0.4062499365234474,0.5198412664031662,0.0,0.00486618000919562,0.0,0.5189393841109965,0.0,0.0,0.0,0.0,0.0,tensor(0.)
p_110,0.9767338547651975,0.8091241539144994,0.7064191772240694,0.8528648243774963,0.36422763635402217,0.8058383274149518,0.853399067633398,0.8851560880271057,0.85575543443797,0.7908108626586091,0.7547524037673026,0.6146627529931803,0.6151178896840572,0.8939794081038811,0.8328551685975399,0.801843315798744,0.6473526441191176,0.6068563048369343,0.8551349317324448,0.4687499267578239,0.4030612210624046,0.8106326600255999,0.7070923523584188,0.8459310575013169,0.4467532409512566,0.8132336048370357,0.8665163229658964,0.8864987564120101,0.8670371944559243,0.7901330476933738,0.7994640446639928,0.8141148076665178,0.8114732703742548,0.6765957398822997,0.8358492349417552,0.4473683621883734,0.44953471403339507,0.0,0.0029154518737940826,0.0,0.5226337341021866,0.0,0.0,0.0,0.0,0.0,tensor(0.)
p_111,0.9716148179042055,0.7795713026115517,0.6630118450641008,0.8602603723610283,0.28208744312993733,0.8169240132777341,0.7896693656178925,0.8553550184333893,0.8171637085476737,0.7517146769040617,0.7619491705247163,0.7178718594309784,0.8102868431052684,0.8880658113594943,0.8170661545378081,0.7841768447231622,0.6309409868231547,0.5185185135943161,0.8029584669040788,0.2399999520000096,0.33302151231972393,0.7598845315741648,0.6302884594429528,0.8638690758920627,0.24179619616932305,0.8022745831032713,0.788906318213543,0.8619346090338615,0.7840433938478434,0.7486430837089247,0.7706302777330946,0.8212541503992439,0.7919502788045271,0.6717557200629335,0.8417679758347301,0.04999998750000312,0.35301924118766265,0.0,0.0,0.0,0.0,0.0,0.0,0.0,0.0,0.0,tensor(0.)
p_112,0.9771087763593388,0.8366638190265346,0.714280882790061,0.8708518886793795,0.42913906716372097,0.8153349246411079,0.8354638829382423,0.8901686117301331,0.8485793060201663,0.8093335747146054,0.7719222445530838,0.811499269244908,0.8216771613827027,0.9050746049204562,0.8235648325737005,0.7913385804518037,0.723237595550791,0.6327033637411392,0.8474954885750533,0.1851851508916387,0.4332191743731235,0.8347584931697344,0.7098179968910788,0.8562133266390441,0.486735865204892,0.8380805745621758,0.8523604385387156,0.8868886571868425,0.8278727435566563,0.7886435323455802,0.7878133085829445,0.8438082156644688,0.8450413201316082,0.6703210597468985,0.8602635847081932,0.3076922485207214,0.4897680730575166,0.0,0.0025380710337808247,0.0,0.3864118813925291,0.0,0.0,0.0,0.0,0.0,tensor(0.)
p_113,0.9730943647524829,0.8096489842512882,0.6930165295672467,0.8801332710056822,0.4832487260583886,0.8168917370059247,0.8674029146421557,0.8650137736550685,0.8036375163332584,0.7718808951096048,0.7519346501463142,0.8089271698945686,0.7825450980435273,0.9013181824494088,0.8208655160079722,0.8008898754146555,0.7215351781597646,0.6045662045245096,0.8351338648800998,0.11320752580990079,0.44049733178954414,0.8149894360797203,0.69698563568509,0.8671929893493189,0.463917520990541,0.8252936478431708,0.8669556433013058,0.8554320849846628,0.8254823748782124,0.7688100901748169,0.7916212070878874,0.7998746597034943,0.8563494045535233,0.656028362978472,0.824780128709017,0.1860464683612864,0.35007849018776693,0.0,0.004656577361390252,0.0,0.5188118709146164,0.0,0.0,0.0,0.0,0.0,tensor(0.)
p_114,0.9750465577677998,0.8188055047202943,0.7009184252518086,0.8832843020912688,0.2857142807966561,0.7814463886731493,0.8127994452547895,0.88111327403441,0.8531989473562676,0.8326456504104262,0.777392367318114,0.7804295911677422,0.7129485160869773,0.8957025338013351,0.8376223626626074,0.7837837817853549,0.7360922634460914,0.6446164627402079,0.8531264255106104,0.5517240745144741,0.4423675984899215,0.8114166829491642,0.6839300433005541,0.8917280801392217,0.48458903694701166,0.7993613064944215,0.8290055402632349,0.9003488366858438,0.845396405598014,0.7678232342760027,0.7871621605000799,0.8436487937714566,0.8155383897875094,0.7280986325236948,0.84640738219568,0.23076920118343575,0.4220674856879085,0.0,0.005486968412297885,0.0,0.6063829679719333,0.0,0.0,0.0,0.0,0.0,tensor(0.)
